id	symbol	avg_diff|float	p_val|float	_hprdClass	_expr	_geneLists
NEUROD4	NEUROD4	3.1520E+00	0	Transcription factor	BrainSpLMD|58158;Eurexp|euxassay_019457|intermediate grey horn, lung, neural retina, pineal primordium, pituitary, ventricular layer;BrainSpMouseDev|11709	OMIM|611635
EOMES	EOMES	2.7772E+00	0	Transcription factor	BrainSpLMD|8320;BrainSpMouseDev|13591	OMIM|604615
NHLH1	NHLH1	2.6624E+00	0	Transcription factor	BrainSpLMD|4807;Eurexp|euxassay_003709|dorsal root ganglion, glossopharyngeal IX, marginal layer, meninges, neural retina, olfactory, stroma, trigeminal V, ventricular layer;BrainSpMouseDev|17838	OMIM|162360
PPP1R17	PPP1R17	2.5537E+00	0	Unclassified	BrainSpLMD|10842;Eurexp|euxassay_003055|cervical, cervico-thoracic, dorsal root ganglion, glossopharyngeal IX, neural retina, stroma, thoracic, trigeminal V, vestibulocochlear VIII	OMIM|604088
SSTR2	SSTR2	2.3689E+00	0	G protein coupled receptor	BrainSpLMD|6752;BrainSpMouseDev|20368	OMIM|182452
CA12	CA12	2.3027E+00	0	Enzyme: Carbonic anhydrase	BrainSpLMD|771;Eurexp|euxassay_018906|choroid plexus, clavicle, epithelium, incisor, molar, nasal septum, olfactory, oral epithelium, submandibular gland primordium, vibrissa	OMIM|603263;HPO|771|Autosomal dominant inheritance, Autosomal recessive inheritance, Dehydration, Failure to thrive, Feeding difficulties, Hyperkalemia, Hyponatremia, Infantile onset
TMEM158	TMEM158	2.0157E+00	0	Unclassified	BrainSpLMD|25907	
PENK	PENK	1.8804E+00	0	Peptide hormone	BrainSpLMD|5179;BrainSpMouseDev|18385	OMIM|131330
HNRNPA1P41	HNRNPA1P41	1.6959E+00	0			
SEZ6	SEZ6	1.5601E+00	0	Integral membrane protein	BrainSpLMD|124925	OMIM|616666
LRP8	LRP8	1.3994E+00	0	Cell surface receptor	BrainSpLMD|7804;BrainSpMouseDev|16745	OMIM|602600
HES6	HES6	1.2738E+00	0	Transcription regulatory protein	BrainSpLMD|55502;Eurexp|euxassay_018314|head mesenchyme, marginal layer, mesenchyme, molar, neural retina, olfactory, respiratory, retina, skeletal muscle, thymus primordium, trachea, ventricular layer, vertebral axis muscle system;BrainSpMouseDev|35214	OMIM|610331
LINC00478	LINC00478	9.8591E-01	0			
RASGEF1B	RASGEF1B	9.6796E-01	0	Guanine nucleotide exchange factor	BrainSpLMD|153020;Eurexp|euxassay_003547|basal plate, mantle layer, marginal layer, ventricular layer, vestibulocochlear VIII, vibrissa	OMIM|614532
CASC15	CASC15	9.4766E-01	0			OMIM|616610
MLLT3	MLLT3	9.4502E-01	0	Unclassified	BrainSpLMD|4300;Eurexp|euxassay_008130|adrenal gland, brain, ear, epithelium, hindgut, incisor, inner ear, lobe, metatarsus, molar, penis, rectum, rib, spinal cord, submandibular gland primordium, vibrissa	OMIM|159558;COSMIC||ALL
NFIA	NFIA	9.3443E-01	0	Transcription factor	BrainSpLMD|4774;BrainSpMouseDev|17794	SFARI||Autism, 4 - Minimal evidence;OMIM|600727;HPO|4774|Agenesis of corpus callosum, Anteverted nares, Arnold-Chiari type I malformation, Broad face, Broad forehead, Cognitive impairment, Cutis marmorata, Generalized hypotonia, Global developmental delay, Hydronephrosis, Hypoplasia of the corpus callosum, Inguinal hernia, Intellectual disability, Low-set ears, Macrocephaly, Narrow mouth, Phenotypic variability, Renal hypoplasia, Seizures, Short chin, Short nose, Sporadic, Syringomyelia, Thin upper lip vermilion, Ventriculomegaly, Vesicoureteral reflux
CCND2	CCND2	9.1614E-01	0	Cell cycle control protein	BrainSpLMD|894	OMIM|123833;COSMIC||NHL, CLL;HPO|894|Abnormal localization of kidney, Abnormal nasal morphology, Autosomal dominant inheritance, Congenital onset, Depressed nasal bridge, Global developmental delay, High forehead, Hydrocephalus, Hypertelorism, Macrocephaly, Megalencephaly, Mitral regurgitation, Narrow mouth, Polymicrogyria, Postaxial hand polydactyly, Prominent forehead, Seizures, Telecanthus, Ventricular septal defect, Ventriculomegaly
PTPRS	PTPRS	6.1750E-01	0	Receptor tyrosine phosphatase	BrainSpLMD|5802;Eurexp|euxassay_009779|brain, cervical, cervico-thoracic, dorsal root ganglion, facial VII, glossopharyngeal IX, neural retina, olfactory, spinal cord, thoracic, trigeminal V, vagus X, vestibulocochlear VIII	OMIM|601576
NFIB	NFIB	4.7600E-01	0	Transcription factor	BrainSpLMD|4781;BrainSpMouseDev|17795	OMIM|600728;COSMIC||adenoid cystic carcinoma, lipoma
SOX11	SOX11	4.2732E-01	0	Transcription factor	BrainSpLMD|6664;BrainSpMouseDev|20428	OMIM|600898;HPO|6664|Abnormal facial shape, Abnormality of cardiovascular system morphology, Abnormality of the columella, Abnormality of the dentition, Abnormality of the nares, Aplasia/Hypoplasia of the cerebellum, Aplasia/Hypoplasia of the distal phalanx of the 5th finger, Aplasia/Hypoplasia of the patella, Autosomal dominant inheritance, Clinodactyly, Coarse facial features, Cryptorchidism, Dandy-Walker malformation, Depressed nasal bridge, Depressed nasal ridge, Elbow dislocation, Everted lower lip vermilion, Feeding difficulties in infancy, Full cheeks, Generalized hirsutism, Global developmental delay, Hearing impairment, Highly arched eyebrow, Hypertrichosis, Hypoplastic fifth fingernail, Hypoplastic fifth toenail, Intellectual disability, Intellectual disability, mild, Intrauterine growth retardation, Joint hyperflexibility, Long eyelashes, Long nose, Low-set ears, Microcephaly, Midface retrusion, Muscular hypotonia, Nystagmus, Open mouth, Posteriorly rotated ears, Recurrent respiratory infections, Scoliosis, Seizures, Short chin, Short distal phalanx of finger, Short nose, Short palpebral fissure, Short philtrum, Short stature, Slow-growing hair, Strabismus, Thick eyebrow, Thick lower lip vermilion, Thick vermilion border, Underdeveloped nasal alae, Underdeveloped supraorbital ridges, Wide mouth, Wide nasal bridge
SOX4	SOX4	2.6312E-01	0	Transcription factor	BrainSpLMD|6659;Eurexp|euxassay_019583|cervical, cervico-thoracic, dorsal grey horn, dorsal root ganglion, incisor, lung, mantle layer, mesenchyme, metanephros, molar, neural retina, oesophagus, phalanx, submandibular gland primordium, testis, trachea, valve, vibrissa;BrainSpMouseDev|20439	OMIM|184430
ELAVL2	ELAVL2	1.1657E+00	8.88E-16	RNA binding protein	BrainSpLMD|1993;Eurexp|euxassay_005246|brain, cervical, cervico-thoracic, dorsal root ganglion, facial VII, glossopharyngeal IX, midgut, neural retina, oesophagus, olfactory, pharynx, respiratory, retina, spinal cord, stomach, testis, thoracic, tongue, trigeminal V, vagus X, vestibulocochlear VIII	SFARI||Autism, 4 - Minimal evidence;OMIM|601673
TENM4	TENM4	1.3197E+00	2.33E-15	Cell surface receptor		OMIM|610084;HPO|26011|Age-dependent penetrance, Autosomal dominant inheritance, Intention tremor, Postural tremor, Slow progression, Variable expressivity
CORO1C	CORO1C	1.3319E+00	2.55E-15	Cytoskeletal associated protein	BrainSpLMD|23603	OMIM|605269
SETD7	SETD7	1.1142E+00	6.44E-15	Enzyme: Methyltransferase	BrainSpLMD|80854;BrainSpMouseDev|49092	OMIM|606594
NRN1	NRN1	1.7022E+00	1.74E-14	Secreted polypeptide	BrainSpLMD|51299;Eurexp|euxassay_003207|bladder, dorsal root ganglion, facial VII, glossopharyngeal IX, hindgut, lobe, mantle layer, marginal layer, mesenchyme, midgut, penis, physiological umbilical hernia, rectum, stroma, trigeminal V, urethra, ventricular layer, vestibulocochlear VIII;BrainSpMouseDev|44246	OMIM|607409
CNR1	CNR1	1.4140E+00	2.58E-14	G protein coupled receptor	BrainSpLMD|1268;BrainSpMouseDev|12584	SFARI||Autism, 3 - Suggestive evidence;OMIM|114610
PRDX1	PRDX1	9.7998E-01	7.17E-14	Enzyme: Peroxidase	BrainSpLMD|5052	OMIM|176763
EZR	EZR	9.4054E-01	7.95E-14	Anchor protein	BrainSpLMD|7430;Eurexp|euxassay_018306|axial skeleton, calyces, choroid plexus, cochlea, dorsal root ganglion, epidermis, epithelium, fundus region, hindgut, incisor, larynx, lens, lobe, lung, marginal layer, midgut, molar, oesophagus, oral epithelium, pelvis, penis, pharyngo-tympanic tube, pituitary, rectum, renal/urinary system, rib, saccule, stomach, sublingual gland primordium, submandibular gland primordium, thymus primordium, thyroid, trachea, urethra, ventricle, ventricular layer, vibrissa	OMIM|123900;COSMIC||NSCLC
UNC5D	UNC5D	6.7319E-01	2.86E-13	Unclassified	BrainSpLMD|137970;Eurexp|euxassay_012466|basal plate, clavicle, incisor, lip, mantle layer, molar, palatal shelf, respiratory, ventral grey horn, ventricular layer, vibrissa;BrainSpMouseDev|84240	OMIM|616466
TTYH2	TTYH2	2.5937E+00	4.71E-13	Unclassified	BrainSpLMD|94015;Eurexp|euxassay_010129|brain, meninges, mesenchyme, spinal cord, ventricular layer	OMIM|608855
ENC1	ENC1	6.2604E-01	8.72E-13	Structural protein	BrainSpLMD|8507;BrainSpMouseDev|13581	OMIM|605173
BICD1	BICD1	1.0156E+00	2.75E-12	Transport/cargo protein	BrainSpLMD|636;Eurexp|euxassay_001764|cervical, cervico-thoracic, dorsal root ganglion, glossopharyngeal IX, mantle layer, olfactory, trigeminal V, vestibulocochlear VIII;BrainSpMouseDev|11907	OMIM|602204
PTCHD2	PTCHD2	1.3119E+00	3.70E-12			
SCRT2	SCRT2	1.7466E+00	1.22E-11	Transcription regulatory protein	BrainSpLMD|85508;Eurexp|euxassay_016519|dorsal root ganglion, facial VII, glossopharyngeal IX, mantle layer, neural retina, trigeminal V, ventricular layer, vestibulocochlear VIII	
ZNF423	ZNF423	1.6087E+00	1.24E-11	DNA binding protein	BrainSpLMD|23090	OMIM|604557;HPO|23090|Apnea, Ataxia, Autistic behavior, Autosomal dominant inheritance, Autosomal recessive inheritance, Biparietal narrowing, Blindness, Cerebellar vermis hypoplasia, Chorioretinal coloboma, Global developmental delay, Intellectual disability, Iris coloboma, Long face, Low-set, posteriorly rotated ears, Molar tooth sign on MRI, Muscular hypotonia, Nephronophthisis, Nephropathy, Nystagmus, Phenotypic variability, Polycystic kidney dysplasia, Ptosis, Retinal dystrophy, Tachypnea
MFAP2	MFAP2	9.8804E-01	1.50E-11	Extracellular matrix protein	BrainSpLMD|4237;Eurexp|euxassay_002967|skeleton	OMIM|156790
SORBS2	SORBS2	1.0363E+00	1.67E-11	Adapter molecule	BrainSpLMD|8470;Eurexp|euxassay_012430|axial skeleton, cochlea, excretory component, exoccipital bone, mantle layer, metatarsus, nasal septum, otic capsule, petrous part, phalanx, skeletal muscle, submandibular gland primordium, tarsus, thyroid, turbinate, ventricle, ventricular layer	OMIM|616349
PAX6	PAX6	6.6517E-01	3.75E-11	Transcription factor	BrainSpLMD|5080;BrainSpMouseDev|18274	SFARI||Autism, No category;OMIM|607108;HPO|5080|Abnormal best corrected visual acuity test, Abnormality of movement, Abnormality of retinal pigmentation, Abnormality of the optic disc, Abnormality of the vagina, Abnormality of vision, Amblyopia, Aniridia, Aplasia/Hypoplasia of the iris, Aplasia/Hypoplasia of the macula, Ataxia, Autosomal dominant inheritance, Autosomal recessive inheritance, Cataract, Cerebellar hypoplasia, Chorioretinal coloboma, Congenital glaucoma, Congenital nystagmus, Contiguous gene syndrome, Corneal opacity, Cryptorchidism, Displacement of the external urethral meatus, EEG abnormality, Everted lower lip vermilion, Generalized hyperpigmentation, Glaucoma, Global developmental delay, Hearing abnormality, Hypoplasia of the corpus callosum, Hypoplasia of the fovea, Hypoplasia of the iris, Hypospadias, Intellectual disability, Keratitis, Mask-like facies, Microcephaly, Micrognathia, Motor delay, Muscular hypotonia, Nephroblastoma, Nystagmus, Opacification of the corneal stroma, Optic atrophy, Optic disc hypoplasia, Optic nerve aplasia, Optic nerve coloboma, Optic nerve hypoplasia, Peripheral vitreous opacities, Peters anomaly, Postural tremor, Presenile cataracts, Pseudopapilledema, Ptosis, Reduced visual acuity, Retinal detachment, Scanning speech, Short stature, Slurred speech, Somatic mutation, Strabismus, Streak ovary, Visual impairment, Visual loss
SLC17A6	SLC17A6	1.6110E+00	4.40E-11	Membrane transport protein	BrainSpLMD|57084;Eurexp|euxassay_004371|dorsal root ganglion, facial VII, glossopharyngeal IX, mantle layer, marginal layer, mesenchyme, neural retina, olfactory, spinal cord, stroma, trigeminal V, vagus X, vestibulocochlear VIII;BrainSpMouseDev|80230	OMIM|607563
ROBO2	ROBO2	7.0592E-01	7.79E-11	Cell surface receptor	BrainSpMouseDev|92611	SFARI||Autism, 3 - Suggestive evidence;OMIM|602431;COSMIC||colorectal adenocarcinoma, melanoma;HPO|6092|Autosomal dominant inheritance, Renal hypoplasia, Vesicoureteral reflux
MYT1	MYT1	1.2322E+00	8.09E-11	Transcription factor	BrainSpLMD|4661;Eurexp|euxassay_005418|brain, cervical, cervico-thoracic, dorsal root ganglion, glossopharyngeal IX, nerve, neural retina, olfactory, respiratory, spinal cord, stroma, thoracic, trigeminal V, vagus X, vestibulocochlear VIII;BrainSpMouseDev|17699	OMIM|600379
KIF26B	KIF26B	1.4326E+00	1.16E-10	Unclassified	BrainSpLMD|55083;Eurexp|euxassay_016415|dorsal root ganglion, extrinsic ocular muscle, interdigital region between digits 1 and 2, interdigital region between digits 2 and 3, interdigital region between digits 3 and 4, interdigital region between digits 4 and 5, mantle layer, metanephros, nasal septum, penis, trigeminal V, ventral grey horn	OMIM|614026
SRGAP3	SRGAP3	9.8278E-01	2.07E-10	GTPase activating protein	BrainSpLMD|9901	SFARI||Autism, 4 - Minimal evidence;OMIM|606525;COSMIC||pilocytic astrocytoma
CACNA2D1	CACNA2D1	1.2475E+00	2.45E-10	Voltage gated channel	BrainSpLMD|781;Eurexp|euxassay_006438|dorsal grey horn, dorsal root ganglion, glossopharyngeal IX, mantle layer, marginal layer, pituitary, skeletal muscle, trigeminal V, ventral grey horn, vertebral axis muscle system;BrainSpMouseDev|12078	OMIM|114204;HPO|781|Atrial fibrillation, Bradycardia, Palpitations, Shortened QT interval
BAZ2B	BAZ2B	9.3754E-01	3.22E-10	Transcription regulatory protein	BrainSpLMD|29994;Eurexp|euxassay_011654|olfactory, vomeronasal organ	OMIM|605683
ELAVL4	ELAVL4	6.7897E-01	3.77E-10	RNA binding protein	BrainSpLMD|1996	OMIM|168360
PLCB4	PLCB4	1.1402E+00	3.93E-10	GTPase activating protein;Enzyme: Phospholipase	BrainSpLMD|5332;BrainSpMouseDev|18562	OMIM|600810;HPO|5332|Apnea, Autosomal dominant inheritance, Autosomal recessive inheritance, Cleft at the superior portion of the pinna, Cleft palate, Dental crowding, Dental malocclusion, Hypoplastic superior helix, Low-set ears, Mandibular condyle aplasia, Mandibular condyle hypoplasia, Overfolding of the superior helices, Posteriorly rotated ears, Round face, Snoring, Speech articulation difficulties
PPFIA2	PPFIA2	8.3158E-01	4.24E-10	Anchor protein	BrainSpLMD|8499	OMIM|603143
HECW1	HECW1	9.3085E-01	7.41E-10	Ubiquitin proteasome system protein	BrainSpLMD|23072;Eurexp|euxassay_009392|brain, cerebral cortex, facial VII, glossopharyngeal IX, mantle layer, spinal cord, trigeminal V, vagus X, vestibulocochlear VIII	OMIM|610384
CUX1	CUX1	5.8498E-01	7.62E-10	Transcription regulatory protein	BrainSpLMD|1523;BrainSpMouseDev|12828	SFARI||Autism, 3 - Suggestive evidence;OMIM|116896;COSMIC||endometrial, melanoma, colorectal, AML, MDS, other tumour types
LINC01105	LINC01105	1.4565E+00	8.93E-10		BrainSpLMD|150622	
MEX3A	MEX3A	8.1714E-01	1.39E-09	RNA binding protein	Eurexp|euxassay_010898|neural retina, olfactory, vomeronasal organ	OMIM|611007
SEZ6L	SEZ6L	1.0288E+00	1.51E-09	Integral membrane protein	BrainSpLMD|23544;Eurexp|euxassay_009459|brain, neural retina, spinal cord	OMIM|607021
GPR56	GPR56	9.7425E-01	1.63E-09			
KCNN3	KCNN3	1.5114E+00	1.66E-09	Intracellular ligand gated channel	BrainSpLMD|3782	OMIM|602983
GRAMD1B	GRAMD1B	6.4856E-01	2.09E-09	Integral membrane protein	BrainSpLMD|57476;Eurexp|euxassay_016918|medulla, testis	
LINC01158	LINC01158	7.5164E-01	2.26E-09			
SLC39A11	SLC39A11	1.8084E+00	2.41E-09	Membrane transport protein	BrainSpLMD|201266	SFARI||Autism, No category;OMIM|616508
CHRDL1	CHRDL1	1.4905E+00	3.56E-09	Secreted polypeptide	BrainSpLMD|91851	OMIM|300350
MLLT4	MLLT4	8.3421E-01	3.79E-09			
AGO1	AGO1	1.4541E+00	4.61E-09	Translation regulatory protein	BrainSpLMD|26523;Eurexp|euxassay_012863|facial VII, incisor, mantle layer, marginal layer, molar, neural retina, olfactory, trigeminal V, ventricular layer	OMIM|606228
CDK2AP1	CDK2AP1	1.4247E+00	5.62E-09	Unclassified	BrainSpLMD|8099	OMIM|602198
CELSR2	CELSR2	9.4355E-01	7.05E-09	G protein coupled receptor	BrainSpLMD|1952;Eurexp|euxassay_008296|brain, spinal cord, vibrissa;BrainSpMouseDev|33178	OMIM|604265
TFAP2C	TFAP2C	9.7936E-01	8.84E-09	Transcription factor	BrainSpLMD|7022;BrainSpMouseDev|21181	OMIM|601602
RASA4	RASA4	1.1186E+00	8.95E-09	GTPase activating protein	BrainSpLMD|10156	OMIM|607943
FOXP4	FOXP4	2.1238E+00	1.00E-08	DNA binding protein	BrainSpLMD|116113;Eurexp|euxassay_001657|axial skeleton, basioccipital bone, basisphenoid bone, mantle layer, mesenchyme, orbito-sphenoid, pectoral girdle and thoracic body wall, rib, stomach, turbinate, ventral grey horn, ventricular layer;BrainSpMouseDev|49964	OMIM|608924
SYNE2	SYNE2	7.5322E-01	1.19E-08	Cytoskeletal protein	BrainSpLMD|23224;Eurexp|euxassay_010927|cochlea, metanephros, pericardial cavity, peritoneal cavity, renal/urinary system, utricle, ventricular layer	OMIM|608442;HPO|23224|Arrhythmia, Autosomal dominant inheritance, Cardiomyopathy, Childhood onset, Elevated serum creatine phosphokinase, Muscular dystrophy, Phenotypic variability, Proximal amyotrophy, Proximal muscle weakness, Respiratory insufficiency
CPEB2	CPEB2	1.9727E+00	1.35E-08	RNA binding protein	BrainSpLMD|132864	OMIM|610605
ZNF286A	ZNF286A	4.1097E-01	1.39E-08	DNA binding protein	BrainSpLMD|57335	
HNRNPA1	HNRNPA1	4.1795E-01	1.50E-08	RNA binding protein	BrainSpLMD|3178	OMIM|164017;HPO|3178|Abnormality of the abdominal musculature, Amyotrophic lateral sclerosis, Anxiety, Autosomal dominant inheritance, Depressivity, Dyspnea, Elevated alkaline phosphatase, Emotional lability, Fatigable weakness of respiratory muscles, Fatigable weakness of swallowing muscles, Fatigue, Generalized muscle weakness, Limb-girdle muscular dystrophy, Mildly elevated creatine phosphokinase, Muscle cramps, Muscle fiber inclusion bodies, Muscular dystrophy, Myopathy, Neurodegeneration, Pain, Paralysis, Proximal muscle weakness, Respiratory failure, Rimmed vacuoles, Skeletal muscle atrophy, Spasticity, Xerostomia
TCF4	TCF4	3.1790E-01	1.52E-08	Transcription factor	BrainSpLMD|6925;BrainSpMouseDev|21174	SFARI||Autism, No category;OMIM|602272;HPO|6925|Abnormal large intestine physiology, Abnormality of the palate, Absent speech, Aggressive behavior, Anteverted nares, Aphasia, Ascites, Astigmatism, Ataxia, Autoimmunity, Autosomal dominant inheritance, Cirrhosis, Clinodactyly, Clubbing, Coarse facial features, Constipation, Cryptorchidism, Cupped ear, Deeply set eye, Dilated superficial abdominal veins, Dysautonomia, Dysphasia, Echolalia, Elevated alkaline phosphatase of hepatic origin, Elevated hepatic transaminases, Encephalopathy, Esophagitis, Failure of eruption of permanent teeth, Failure to thrive, Feeding difficulties, Fever, Full cheeks, Gait ataxia, Gastroesophageal reflux, Generalized hypotonia, Global developmental delay, Growth delay, Hepatic fibrosis, Hepatomegaly, Hepatosplenomegaly, Hiatus hernia, Hypoplasia of the corpus callosum, Incoordination, Intellectual disability, Intellectual disability, progressive, Intellectual disability, severe, Intermittent hyperventilation, Microcephaly, Micropenis, Misalignment of teeth, Motor delay, Muscular hypotonia, Mutism, Myopia, Narrow foot, Narrow forehead, Open mouth, Palmar telangiectasia, Pes planus, Pes valgus, Portal hypertension, Seizures, Short neck, Short philtrum, Single transverse palmar crease, Sleep apnea, Specific learning disability, Spider hemangioma, Splenomegaly, Strabismus, Tapered finger, Thick vermilion border, Thickened helices, Ulcerative colitis, Upslanted palpebral fissure, Weight loss, Wide mouth, Wide nasal bridge, Widely spaced teeth
HDAC9	HDAC9	1.2126E+00	1.56E-08	Transcription regulatory protein	BrainSpLMD|9734	OMIM|606543
AC120042.1	AC120042.1	1.1861E+00	1.85E-08			
KIF21B	KIF21B	3.8739E-01	1.99E-08	Unclassified	BrainSpLMD|23046;Eurexp|euxassay_011005|dorsal root ganglion, facial VII, forebrain, hindbrain, midbrain, neural retina, spinal cord, trigeminal V, vestibulocochlear VIII	OMIM|608322
CRB1	CRB1	9.0185E-01	2.62E-08	Unclassified	BrainSpLMD|23418	OMIM|604210;HPO|23418|Abnormal electroretinogram, Abnormality of neuronal migration, Abnormality of retinal pigmentation, Abnormality of the optic disc, Abnormality of the retinal vasculature, Abnormality of the testis, Anteverted nares, Aplasia/Hypoplasia of the cerebellar vermis, Atypical scarring of skin, Autosomal recessive inheritance, Blindness, Bone spicule pigmentation of the retina, Cataract, Conductive hearing impairment, Encephalocele, Esotropia, Glaucoma, Hemiplegia/hemiparesis, High-grade hypermetropia, Hyperinsulinemia, Hypermetropia, Hypogonadism, Hypoplasia of penis, Intellectual disability, Keratoconus, Muscular hypotonia, Nystagmus, Obesity, Ophthalmoplegia, Optic atrophy, Paravenous chorioretinal atrophy, Pendular nystagmus, Photophobia, Progressive night blindness, Rod-cone dystrophy, Seizures, Sensorineural hearing impairment, Severe visual impairment, Undetectable electroretinogram, Visual impairment, Vitreoretinal degeneration, Wide nasal bridge
RP11.436D23.1	RP11.436D23.1	8.4840E-01	3.20E-08			
MAP2	MAP2	3.4664E-01	3.71E-08	Cytoskeletal associated protein	BrainSpLMD|4133;Eurexp|euxassay_015099|brain, cervical, cervico-thoracic, dorsal root ganglion, facial VII, glossopharyngeal IX, neural retina, spinal cord, thoracic, trigeminal V, vagus X, vestibulocochlear VIII;BrainSpMouseDev|17523	SFARI||Autism, 5 - Hypothesized but untested;OMIM|157130
RND3	RND3	4.9958E-01	4.15E-08	G protein	BrainSpLMD|390	OMIM|602924
ELMO1	ELMO1	9.1034E-01	4.63E-08	Unclassified;Motor protein	BrainSpLMD|9844;Eurexp|euxassay_012546|floor plate, floorplate, mantle layer, marginal layer, vibrissa	OMIM|606420
PLXNA2	PLXNA2	5.0197E-01	5.44E-08	Cell surface receptor	BrainSpLMD|5362;Eurexp|euxassay_010018|brain, spinal cord;BrainSpMouseDev|18609	OMIM|601054
SLC24A2	SLC24A2	6.6428E-01	5.89E-08	Membrane transport protein	BrainSpLMD|25769	SFARI||Autism, No category;OMIM|609838
PGAP1	PGAP1	6.7942E-01	6.12E-08	Enzyme: Acyltransferase	BrainSpLMD|80055	OMIM|611655;HPO|80055|Abnormal electroretinogram, Abnormality of the dentition, Autosomal recessive inheritance, Cerebral atrophy, Global developmental delay, Intellectual disability, Macrotia, Microcephaly, Neonatal hypotonia, Retinal dystrophy, Short neck, Short stature, Wide mouth
RASGRP1	RASGRP1	1.7561E+00	6.37E-08	Guanine nucleotide exchange factor	BrainSpLMD|10125;Eurexp|euxassay_005719|mantle layer, olfactory, olfactory lobe	OMIM|603962
USP3	USP3	7.2923E-01	6.89E-08	Ubiquitin proteasome system protein	BrainSpLMD|9960	OMIM|604728
IVNS1ABP	IVNS1ABP	9.3689E-01	7.42E-08	Unclassified	BrainSpLMD|10625;Eurexp|euxassay_011634|axial muscle, axial skeleton, cervical, cervico-thoracic, clavicle, cochlea, corpus striatum, dorsal root ganglion, facial VII, glossopharyngeal IX, incisor, lateral ventricle, lip, lung, mandible, mantle layer, marginal layer, maxilla, metanephros, midgut, molar, neural retina, oesophagus, olfactory, orbito-sphenoid, pancreas, pharyngo-tympanic tube, pituitary, renal/urinary system, saccule, stomach, submandibular gland primordium, thoracic, thymus primordium, thyroid, trachea, trigeminal V, ventricle, ventricular layer, vibrissa	OMIM|609209
PREX1	PREX1	1.7673E+00	8.07E-08	Guanine nucleotide exchange factor	BrainSpLMD|57580;Eurexp|euxassay_007998|femur, humerus, mandible, mantle layer, marginal layer, maxilla, orbito-sphenoid, palatal shelf, rib, ventricular layer	SFARI||Autism, 3 - Suggestive evidence;OMIM|606905
CPE	CPE	4.5198E-01	8.32E-08	Carboxypeptidase	BrainSpLMD|1363	OMIM|114855
TMTC2	TMTC2	9.8209E-01	9.39E-08	Integral membrane protein	BrainSpLMD|160335;Eurexp|euxassay_011308|axial skeleton, bladder, brain, capsule, clavicle, cornea, diaphragm, dorsal root ganglion, epithelium, facial VII, footplate, glossopharyngeal IX, handplate, hindgut, mandible, maxilla, midgut, oesophagus, olfactory, paraxial mesenchyme, pelvis, rest of mesenchyme, retina, rib, skeletal muscle, spinal cord, stomach, tibia, trigeminal V, ureter, vagus X, valve, vertebral axis muscle system, vestibulocochlear VIII, vibrissa	OMIM|615856
AP000962.2	AP000962.2	1.1624E+00	9.92E-08			
SLC25A6	SLC25A6	7.8924E-01	1.09E-07	Transport/cargo protein		OMIM|403000
SMOC1	SMOC1	2.2778E+00	1.19E-07	Extracellular matrix protein;Calcium binding protein	BrainSpLMD|64093;Eurexp|euxassay_003378|aorta, axial muscle, axial skeleton, cochlea, dorsal grey horn, hyoid bone, mantle layer, marginal layer, medulla, medullary region, meninges, mesenchyme, metatarsus, naris, nasal septum, pancreas, phalanx, saccule, thyroid, turbinate bones, ventral grey horn, ventricle, ventricular layer	OMIM|608488;HPO|64093|Abnormal form of the vertebral bodies, Abnormality of the cardiovascular system, Abnormality of the eyebrow, Abnormality of the hair, Abnormality of the metacarpal bones, Anophthalmia, Autosomal recessive inheritance, Bilateral single transverse palmar creases, Blepharophimosis, Camptodactyly of 2nd-5th fingers, Cleft palate, Cleft upper lip, Clinodactyly of the 5th finger, Deep philtrum, Depressed nasal bridge, Downslanted palpebral fissures, Failure to thrive, Fibular hypoplasia, Finger syndactyly, Flared nostrils, Foot oligodactyly, Frontal bossing, Fused fourth and fifth metacarpals, Hand oligodactyly, High palate, Hip dislocation, Hypoplasia of the maxilla, Intellectual disability, Intellectual disability, moderate, Intellectual disability, severe, Large earlobe, Low-set ears, Low-set, posteriorly rotated ears, Microphthalmia, Optic atrophy, Postaxial foot polydactyly, Postaxial hand polydactyly, Posteriorly rotated ears, Postnatal growth retardation, Prominent forehead, Retrognathia, Sandal gap, Short nose, Short palpebral fissure, Short stature, Short tibia, Single transverse palmar crease, Synostosis of carpal bones, Talipes equinovarus, Tarsal synostosis, Tibial bowing, Toe syndactyly, True anophthalmia
CBFA2T2	CBFA2T2	6.9790E-01	1.31E-07	Transcription factor	BrainSpLMD|9139;Eurexp|euxassay_019496|lung, marginal layer, neural retina, olfactory, pituitary, thyroid, ventricular layer, vibrissa, vomeronasal organ;BrainSpMouseDev|12181	OMIM|603672
TMSB4X	TMSB4X	3.0608E-01	1.39E-07	Cytoskeletal associated protein		OMIM|300159
KCNQ3	KCNQ3	7.6378E-01	1.90E-07	Voltage gated channel	BrainSpLMD|3786;Eurexp|euxassay_008387|mantle layer, marginal layer, midgut, rib, ventral grey horn;BrainSpMouseDev|75016	SFARI||Autism, 3 - Suggestive evidence;OMIM|602232;HPO|3786|Abnormality of vision, Autosomal dominant inheritance, Choreoathetosis, Deeply set eye, Dysesthesia, Dyskinesia, Focal clonic seizures, Generalized tonic-clonic seizures, Hypertonia, Muscular hypotonia, Myoclonus, Reduced consciousness/confusion, Seizures
FYN	FYN	8.4285E-01	2.22E-07	Tyrosine kinase	BrainSpLMD|2534;BrainSpMouseDev|14136	OMIM|137025
SOGA1	SOGA1	8.3068E-01	2.24E-07	Unclassified	BrainSpLMD|140710	
MEIS2	MEIS2	4.5060E-01	2.47E-07	Transcription factor	BrainSpLMD|4212;BrainSpMouseDev|17303	OMIM|601740;HPO|4212|2-3 toe syndactyly, Atrial septal defect, Autistic behavior, Autosomal dominant inheritance, Biparietal narrowing, Broad hallux, Broad thumb, Cleft palate, Cleft upper lip, Coarctation of aorta, Deeply set eye, Delayed speech and language development, Gastroesophageal reflux, Global developmental delay, High anterior hairline, Highly arched eyebrow, Intellectual disability, Large forehead, Microcephaly, Narrow forehead, Pointed chin, Sandal gap, Short 2nd finger, Short 5th finger, Short philtrum, Short stature, Smooth philtrum, Sparse eyebrow, Tented upper lip vermilion, Upslanted palpebral fissure, Ventricular septal defect
RP11.436K8.1	RP11.436K8.1	1.0138E+00	2.64E-07			
MYL6	MYL6	5.1308E-01	3.41E-07	Cytoskeletal protein	BrainSpLMD|4637	OMIM|609931
STARD4.AS1	STARD4.AS1	7.5798E-01	4.13E-07			
CUL1	CUL1	1.1682E+00	5.15E-07	Ubiquitin proteasome system protein	BrainSpLMD|8454;Eurexp|euxassay_007276|ventricular layer	OMIM|603134
CLMP	CLMP	9.4042E-01	5.44E-07		BrainSpLMD|79827;Eurexp|euxassay_001798|mantle layer, marginal layer	OMIM|611693;HPO|79827|Abnormal peristalsis, Autosomal recessive inheritance, Chronic diarrhea, Cognitive impairment, Congenital shortened small intestine, Decreased intestinal transit time, Failure to thrive, Hypotrichosis, Intestinal hypoplasia, Intestinal malrotation, Lipoatrophy, Short stature, Steatorrhea
NF1	NF1	6.2178E-01	5.48E-07	GTPase activating protein	BrainSpLMD|4763;Eurexp|euxassay_012186|dorsal root ganglion, facial VII, glossopharyngeal IX, trigeminal V, vagus X;BrainSpMouseDev|17782	SFARI||Autism, No category;OMIM|613113;COSMIC||neurofibroma, glioma, neurofibroma, glioma;HPO|4763|Abdominal wall muscle weakness, Abnormality of the cardiovascular system, Abnormality of the helix, Abnormality of the lymphatic system, Abnormality of the thorax, Astrocytoma, Autosomal dominant inheritance, Axillary freckling, Cafe-au-lait spot, Cryptorchidism, Cubitus valgus, Delayed speech and language development, Depressed nasal bridge, Downslanted palpebral fissures, Dysphagia, Epicanthus, Freckling, Global developmental delay, Hydrocephalus, Hypertelorism, Hypertension, Hypertrophic cardiomyopathy, Hypoplasia of dental enamel, Inguinal freckling, Intellectual disability, Intellectual disability, mild, Juvenile myelomonocytic leukemia, Lisch nodules, Low posterior hairline, Low-set ears, Low-set, posteriorly rotated ears, Lower limb muscle weakness, Macrocephaly, Malar flattening, Microcephaly, Midface retrusion, Multiple cafe-au-lait spots, Muscle weakness, Neurofibromas, Neurofibrosarcoma, Optic glioma, Overgrowth, Paraparesis, Parathyroid adenoma, Pectus excavatum of inferior sternum, Posteriorly rotated ears, Prolonged bleeding time, Prominent nasolabial fold, Ptosis, Pulmonic stenosis, Relative macrocephaly, Rhabdomyosarcoma, Scoliosis, Secundum atrial septal defect, Short neck, Short stature, Somatic mutation, Specific learning disability, Spina bifida, Spinal cord tumor, Superior pectus carinatum, Symmetric spinal nerve root neurofibromas, Webbed neck
GOLGA8A	GOLGA8A	9.5612E-01	6.38E-07	Unclassified	BrainSpLMD|23015	OMIM|616180
LINC00883	LINC00883	1.5011E+00	7.46E-07			
CLVS1	CLVS1	6.6425E-01	7.53E-07	Unclassified	BrainSpLMD|157807	OMIM|611292
SVIL	SVIL	1.0203E+00	7.71E-07	Cytoskeletal associated protein	BrainSpLMD|6840;Eurexp|euxassay_011675|epidermis, exoccipital bone, meninges, midgut, pharyngo-tympanic tube, skeletal muscle, stomach, vibrissa	OMIM|604126
TFDP2	TFDP2	9.0750E-01	8.08E-07	Transcription factor	BrainSpLMD|7029;Eurexp|euxassay_009223|liver, marginal layer, nasal capsule, neural retina, olfactory, ventricular layer;BrainSpMouseDev|84320	OMIM|602160
ZFHX4	ZFHX4	7.7300E-01	9.89E-07	Transcription factor	BrainSpLMD|79776;Eurexp|euxassay_005820|epidermis, mantle layer, nasal septum, urethra;BrainSpMouseDev|56662	OMIM|606940;HPO|79776|Autosomal dominant inheritance, Congenital ptosis
FAM60A	FAM60A	1.1625E+00	1.20E-06			
GPRC5B	GPRC5B	2.0596E+00	1.34E-06	G protein coupled receptor	BrainSpLMD|51704;BrainSpMouseDev|40898	OMIM|605948
CHD7	CHD7	6.5559E-01	1.50E-06	DNA binding protein	Eurexp|euxassay_010758|marginal layer, olfactory, ventricular layer, vestibulocochlear VIII, vomeronasal organ	SFARI||Autism, No category;OMIM|608892;HPO|55636|Abnormality of body height, Abnormality of female internal genitalia, Abnormality of lymphocytes, Abnormality of the aortic valve, Abnormality of the cardiac septa, Abnormality of the inner ear, Abnormality of the soft palate, Abnormality of the voice, Absence of pubertal development, Absence of secondary sex characteristics, Alopecia, Anophthalmia, Anosmia, Anterior hypopituitarism, Anxiety, Aplasia/Hypoplasia of the earlobes, Aplasia/Hypoplasia of the eyebrow, Aplasia/Hypoplasia of the thymus, Atrial septal defect, Attention deficit hyperactivity disorder, Autism, Autosomal dominant inheritance, Bifid scrotum, Breast hypoplasia, Choanal atresia, Chorioretinal coloboma, Chronic diarrhea, Cleft lip, Cleft palate, Cleft upper lip, Coloboma, Cryptorchidism, Decreased fertility, Decreased testicular size, Decreased testosterone in males, Delayed eruption of teeth, Delayed puberty, Delayed skeletal maturation, Depressed nasal bridge, Depressivity, Desquamation of skin soon after birth, Dilatation of the aortic arch, Dimple chin, Double outlet right ventricle, Downslanted palpebral fissures, Dry skin, Duodenal atresia, Dysphagia, Edema, Eosinophilia, Erectile abnormalities, Erythroderma, Esophageal atresia, Eunuchoid habitus, External ear malformation, Facial asymmetry, Facial palsy, Failure to thrive, Feeding difficulties, Female hypogonadism, Fever, Gastroesophageal reflux, Gonadotropin deficiency, Gynecomastia, Hearing impairment, Hepatomegaly, Horseshoe kidney, Hydronephrosis, Hypocalcemia, Hypogonadotrophic hypogonadism, Hypoplasia of penis, Hypoplasia of the ovary, Hypoplasia of the uterus, Hyposmia, Hypothalamic gonadotropin-releasing hormone deficiency, Hypothyroidism, Impotence, Increased female libido, Intellectual disability, Interrupted aortic arch, Iris coloboma, Labial hypoplasia, Low-set, posteriorly rotated ears, Lymphadenopathy, Lymphopenia, Malar flattening, Male hypogonadism, Micropenis, Microphthalmia, Muscular hypotonia, Narrow face, Narrow mouth, Non-obstructive azoospermia, Nystagmus, Obsessive-compulsive behavior, Optic atrophy, Osteopenia, Osteoporosis, Overfolded helix, Parathyroid hypoplasia, Patent ductus arteriosus, Phenotypic variability, Pneumonia, Polyhydramnios, Posterior choanal atresia, Postnatal growth retardation, Primary amenorrhea, Pruritus, Ptosis, Pulmonic stenosis, Reduced bone mineral density, Secondary amenorrhea, Sensorineural hearing impairment, Severe combined immunodeficiency, Sparse body hair, Splenomegaly, Sporadic, Square face, Strabismus, Tetralogy of Fallot, Thickened skin, Tracheoesophageal fistula, Umbilical hernia, Ventricular septal defect, Wide intermamillary distance
SPIRE1	SPIRE1	7.1592E-01	1.74E-06	Transport/cargo protein	BrainSpLMD|56907	OMIM|609216
SCRN1	SCRN1	8.8429E-01	1.78E-06	Protease	BrainSpLMD|9805;Eurexp|euxassay_012592|cervical, cervico-thoracic, dorsal root ganglion, facial VII, floor plate, floorplate, glossopharyngeal IX, mantle layer, marginal layer, neural retina, olfactory, penis, thoracic, trigeminal V, vagus X, ventral grey horn, ventricular layer, vestibulocochlear VIII	OMIM|614965
DUOX1	DUOX1	1.4185E+00	1.84E-06	Enzyme: Peroxidase	BrainSpLMD|53905	OMIM|606758
HNRNPA1P48	HNRNPA1P48	4.8673E-01	2.30E-06			
FDFT1	FDFT1	3.5393E-01	2.47E-06	Enzyme: Synthase	BrainSpLMD|2222;Eurexp|euxassay_005703|calyces, cerebral cortex, cervical, cervico-thoracic, cochlear component, dorsal root ganglion, epithelium, facial VII, foregut-midgut junction, glossopharyngeal IX, hindgut, incisor, inferior, inner ear, lens, loop, mantle layer, mesenteric artery, midgut, molar, nucleus pulposus, retina, skeleton, stomach, superior, tegmentum, thoracic, trigeminal V, vagus X, vestibular component, vestibulocochlear VIII, vibrissa	OMIM|184420
PDE1C	PDE1C	8.7098E-01	2.51E-06	Enzyme: Phosphodiesterase	BrainSpLMD|5137;BrainSpMouseDev|18341	SFARI||Autism, No category;OMIM|602987
NREP	NREP	3.3865E-01	2.87E-06	Unclassified	BrainSpLMD|9315	OMIM|607332
DMRTA2	DMRTA2	1.0498E+00	3.01E-06	Transcription factor		OMIM|614804
ZNF493	ZNF493	4.7582E-01	3.02E-06	DNA binding protein	BrainSpLMD|284443	
KIAA1456	KIAA1456	3.4425E-01	4.70E-06	Unclassified;Enzyme: Aminomethyl transferase	BrainSpLMD|57604;BrainSpMouseDev|106517	OMIM|615666
ZNF570	ZNF570	9.4681E-01	4.70E-06	DNA binding protein	BrainSpLMD|148268	
SMARCD3	SMARCD3	1.1256E+00	5.05E-06	Transcription regulatory protein	BrainSpLMD|6604	OMIM|601737
RP11.553L6.5	RP11.553L6.5	3.3602E-01	5.30E-06			
SNCAIP	SNCAIP	6.4152E-01	5.86E-06	Unclassified	BrainSpLMD|9627	OMIM|603779;HPO|9627|Bradykinesia, Constipation, Dementia, Depressivity, Dysarthria, Dysphagia, Dystonia, Insidious onset, Lewy bodies, Mask-like facies, Neuronal loss in central nervous system, Parkinsonism, Personality changes, Postural instability, Progressive, Resting tremor, Rigidity, Short stepped shuffling gait, Sleep disturbance, Sporadic, Substantia nigra gliosis, Urinary urgency, Weak voice
KLF13	KLF13	1.1910E+00	6.04E-06	Transcription factor	BrainSpLMD|51621	OMIM|605328;HPO|51621|Abnormal facial shape, Autosomal dominant inheritance, Phenotypic variability
AUTS2	AUTS2	4.8151E-01	7.77E-06	Unclassified	BrainSpLMD|26053	SFARI||Autism, 3 - Suggestive evidence;OMIM|607270;HPO|26053|Abnormal facial shape, Arthrogryposis multiplex congenita, Autism, Autosomal dominant inheritance, Brachycephaly, Cerebral palsy, Decreased palmar creases, Delayed speech and language development, Downslanted palpebral fissures, Feeding difficulties, Global developmental delay, Highly arched eyebrow, Hypertelorism, Intellectual disability, Kyphosis, Low-set ears, Microcephaly, Narrow mouth, Prominent nasal tip, Ptosis, Scoliosis, Short palpebral fissure, Short philtrum, Short stature, Small for gestational age, Strabismus, Thick eyebrow, Wide nasal base
ZNF562	ZNF562	8.1382E-01	8.36E-06	Unclassified	BrainSpLMD|54811	
LPPR1	LPPR1	7.1455E-01	8.49E-06			
ANKRD10	ANKRD10	3.1028E-01	9.79E-06	Unclassified	BrainSpLMD|55608	
EPHB1	EPHB1	1.3391E+00	1.15E-05	Receptor tyrosine kinase	BrainSpLMD|2047;Eurexp|euxassay_018955|floorplate, mantle layer, marginal layer, mesenchyme, neural retina, ventricular layer;BrainSpMouseDev|92948	OMIM|600600
GTF2I	GTF2I	7.2162E-01	1.28E-05	Transcription factor	BrainSpLMD|2969	SFARI||Autism, 4 - Minimal evidence;OMIM|601679;HPO|2969|Abdominal pain, Abnormality of dental enamel, Abnormality of extrapyramidal motor function, Abnormality of pelvic girdle bone morphology, Abnormality of the fingernails, Abnormality of the neck, Anxiety, Arthralgia, Attention deficit hyperactivity disorder, Autism, Blepharophimosis, Broad forehead, Cerebral ischemia, Chronic otitis media, Clinodactyly of the 5th finger, Coarse facial features, Colonic diverticula, Constipation, Dental malocclusion, Depressivity, Down-sloping shoulders, Dysgraphia, Dysmetria, Elevated serum creatine phosphokinase, Elfin facies, Epicanthus, Everted lower lip vermilion, Failure to thrive in infancy, Gait imbalance, Genu valgum, Hallux valgus, High forehead, High-grade hypermetropia, Hoarse voice, Hyperacusis, Hypercalcemia, Hypercalciuria, Hyperlordosis, Hyperreflexia, Hypodontia, Hypoplasia of the zygomatic bone, Hypoplastic toenails, Inguinal hernia, Insomnia, Intellectual disability, Joint stiffness, Kyphosis, Long philtrum, Low-set, posteriorly rotated ears, Macroglossia, Macrotia, Microcephaly, Microdontia, Micrognathia, Mitral regurgitation, Mitral valve prolapse, Muscular hypotonia, Narrow face, Nausea and vomiting, Nystagmus-induced head nodding, Obesity, Obsessive-compulsive behavior, Open bite, Overfriendliness, Pelvic kidney, Periorbital edema, Peripheral pulmonary artery stenosis, Pes planus, Phonophobia, Pointed chin, Proteinuria, Protruding ear, Pulmonic stenosis, Redundant skin, Renal insufficiency, Renovascular hypertension, Sacral dimple, Sensorineural hearing impairment, Short nose, Short stature, Spasticity, Strabismus, Stroke, Supravalvular aortic stenosis, Thick lower lip vermilion, Tremor, Visual impairment, Wide mouth, Wide nasal bridge
NFIC	NFIC	1.6083E+00	1.35E-05	Transcription factor	BrainSpLMD|4782;Eurexp|euxassay_008959|mesenchyme;BrainSpMouseDev|17796	OMIM|600729
FAM126A	FAM126A	4.3085E-01	1.49E-05	Unclassified	BrainSpLMD|84668;Eurexp|euxassay_013806|olfactory, ventricular layer	OMIM|610531;HPO|84668|Abnormal pyramidal signs, Abnormality of the cerebellum, Autosomal recessive inheritance, Babinski sign, Cerebral hypomyelination, Cerebral white matter atrophy, Congenital cataract, Decreased motor nerve conduction velocity, Dysarthria, Global developmental delay, Hyperreflexia, Infantile onset, Intellectual disability, Intellectual disability, moderate, Intention tremor, Leukodystrophy, Loss of ability to walk, Lower limb amyotrophy, Lower limb muscle weakness, Motor delay, Muscular hypotonia of the trunk, Polyneuropathy, Scoliosis, Seizures, Truncal titubation, Variable expressivity
CCDC88C	CCDC88C	1.2899E+00	2.01E-05	Protease inhibitor	BrainSpLMD|440193;Eurexp|euxassay_016252|clavicle, femur, humerus, mandible, mantle layer, maxilla, orbito-sphenoid, rib, ventral grey horn	SFARI||Autism, 4 - Minimal evidence;OMIM|611204;HPO|440193|Adult onset, Autosomal dominant inheritance, Autosomal recessive inheritance, Broad-based gait, Congenital onset, Dysarthria, Dysdiadochokinesis, Hydrocephalus, Hyperreflexia, Intellectual disability, Intention tremor, Pontocerebellar atrophy, Seizures, Slow progression, Spastic paraparesis, Unsteady gait, Ventriculomegaly
ZNF286B	ZNF286B	3.8774E-01	2.01E-05	Unclassified		
SIK2	SIK2	1.2712E+00	2.48E-05	Serine/threonine kinase	BrainSpLMD|23235	OMIM|608973
1-Mar	1-Mar	1.1731E+00	2.91E-05			
PLCB1	PLCB1	8.7605E-01	3.12E-05	Enzyme: Phospholipase	BrainSpLMD|23236	SFARI||Autism, 3 - Suggestive evidence;OMIM|607120;HPO|23236|Abnormality of skin morphology, Autosomal recessive inheritance, Developmental regression, Epileptic encephalopathy, Focal seizures, Generalized seizures, Hyperreflexia, Hypsarrhythmia, Infantile spasms, Muscular hypotonia of the trunk, Myoclonus, Spasticity
MT.CO1	MT.CO1	3.2129E-01	3.19E-05			
SCARNA22	SCARNA22	4.8562E-01	3.24E-05			
SCARB2	SCARB2	2.7800E-01	3.39E-05	Cell surface receptor	BrainSpLMD|950;Eurexp|euxassay_009131|embryo	OMIM|602257;HPO|950|Abdominal pain, Anemia, Anorexia, Aseptic necrosis, Autosomal recessive inheritance, Bone pain, Bruising susceptibility, Cerebellar atrophy, Delayed puberty, Delayed skeletal maturation, Dysarthria, Dysphagia, EEG with polyspike wave complexes, Focal segmental glomerulosclerosis, Gait ataxia, Generalized seizures, Gingival bleeding, Hepatomegaly, Hypersplenism, Increased bone mineral density, Intention tremor, Kyphosis, Limb ataxia, Morning myoclonic jerks, Myoclonus, Nephropathy, Nephrotic syndrome, Osteolysis, Osteopenia, Pancytopenia, Postural tremor, Proteinuria, Rapidly progressive, Renal insufficiency, Splenomegaly, Thrombocytopenia
SLC22A23	SLC22A23	1.0148E+00	3.41E-05	Integral membrane protein	BrainSpLMD|63027	OMIM|611697
FGD4	FGD4	6.5849E-01	3.58E-05	Guanine nucleotide exchange factor	BrainSpLMD|121512;Eurexp|euxassay_009166|brain, cervical, cervico-thoracic, dorsal root ganglion, facial VII, glossopharyngeal IX, handplate, neural retina, olfactory, pancreas, retina, spinal cord, thoracic, trigeminal V, vagus X, vestibulocochlear VIII, vomeronasal organ	OMIM|611104;HPO|121512|Areflexia, Autosomal recessive inheritance, Decreased motor nerve conduction velocity, Decreased number of peripheral myelinated nerve fibers, Distal lower limb amyotrophy, Distal lower limb muscle weakness, Distal sensory impairment, Heterogeneous, Hyporeflexia, Infantile onset, Motor delay, Onion bulb formation, Peripheral demyelination, Pes cavus, Scoliosis, Talipes equinovarus, Upper limb muscle weakness, Waddling gait
TP53INP1	TP53INP1	8.7527E-01	4.15E-05	Cell cycle control protein	BrainSpLMD|94241	OMIM|606185
ZNF3	ZNF3	9.4043E-01	5.43E-05	DNA binding protein	BrainSpLMD|7551	OMIM|194510
PAK3	PAK3	3.6292E-01	5.53E-05	Serine/threonine kinase	BrainSpLMD|5063	OMIM|300142;HPO|5063|Aggressive behavior, Agitation, Anteverted nares, Anxiety, Delayed gross motor development, Delayed speech and language development, Drooling, Flat face, High palate, Hyperactivity, Intellectual disability, Macrotia, Microcephaly, Open mouth, Psychosis, Seizures, Short attention span, Short nose, Thin upper lip vermilion, Variable expressivity, X-linked recessive inheritance
ZMIZ1	ZMIZ1	5.1023E-01	6.20E-05	Unclassified	BrainSpLMD|57178	OMIM|607159
RP11.806K15.1	RP11.806K15.1	3.7362E-01	6.37E-05			
LHX2	LHX2	3.2399E-01	7.82E-05	Transcription regulatory protein	BrainSpLMD|9355;BrainSpMouseDev|16641	OMIM|603759
ZEB1	ZEB1	4.5318E-01	8.11E-05	Transcription factor	BrainSpLMD|6935;Eurexp|euxassay_015398|central nervous system, meninges, vertebral axis muscle system;BrainSpMouseDev|21178	OMIM|189909;COSMIC||CCRCC, melanoma;HPO|6935|Autosomal dominant inheritance, Corneal dystrophy, Corneal guttata
FOXN2	FOXN2	5.8221E-01	8.59E-05	DNA binding protein	BrainSpLMD|3344;Eurexp|euxassay_019499|incisor, liver, lung, mandible, mantle layer, marginal layer, maxilla, molar, submandibular gland primordium, testis, urethra, ventricular layer, vibrissa;BrainSpMouseDev|14013	OMIM|143089
LINC00461	LINC00461	2.8220E-01	8.88E-05		Eurexp|euxassay_008007|marginal layer, ventricular layer	OMIM|616611
SEMA5B	SEMA5B	9.7129E-01	9.53E-05	Integral membrane protein	BrainSpLMD|54437;BrainSpMouseDev|20120	OMIM|609298
CDK9	CDK9	1.3372E+00	9.89E-05	Serine/threonine kinase	BrainSpLMD|1025	OMIM|603251
NEUROD1	NEUROD1	1.2012E+00	0.000106607	Transcription factor	BrainSpLMD|4760;Eurexp|euxassay_019467|dorsal grey horn, dorsal root ganglion, glossopharyngeal IX, mantle layer, marginal layer, neural retina, olfactory, pancreas, pineal primordium, pituitary, trigeminal V, vagus X, ventral grey horn, ventricular layer, vestibulocochlear VIII, vomeronasal organ;BrainSpMouseDev|17779	OMIM|601724;HPO|4760|Autosomal dominant inheritance, Maturity-onset diabetes of the young
HECTD4	HECTD4	4.4324E-01	0.000107151	Unclassified	BrainSpLMD|283450;Eurexp|euxassay_010071|brain, cervical, cervico-thoracic, dorsal root ganglion, facial VII, glossopharyngeal IX, neural retina, spinal cord, trigeminal V, vagus X, vestibulocochlear VIII	SFARI||Autism, 3 - Suggestive evidence
PCDH9	PCDH9	2.9138E-01	0.000107175	Adhesion molecule	BrainSpLMD|5101;Eurexp|euxassay_014258|facial VII, mantle layer, ventricular layer, vertebral axis muscle system, vestibulocochlear VIII	SFARI||Autism, 4 - Minimal evidence;OMIM|603581
CALCOCO1	CALCOCO1	6.0646E-01	0.000107302	Transcription regulatory protein	BrainSpLMD|57658;Eurexp|euxassay_006214|thymus primordium	
PABPN1	PABPN1	6.2198E-01	0.000109832	RNA binding protein	BrainSpLMD|8106	OMIM|602279;HPO|8106|Abnormality of the pharynx, Adult onset, Autosomal dominant inheritance, Distal muscle weakness, Dysarthria, Dysphagia, Elevated serum creatine phosphokinase, Facial palsy, Gait disturbance, Limb muscle weakness, Mask-like facies, Myopathy, Neck muscle weakness, Ophthalmoplegia, Progressive, Progressive ptosis, Proximal muscle weakness, Ptosis, Ragged-red muscle fibers, Rimmed vacuoles, Spondylolisthesis
SNRPGP10	SNRPGP10	9.7012E-01	0.000112815			
ZNF292	ZNF292	5.6164E-01	0.00011631	Transcription factor		SFARI||Autism, 4 - Minimal evidence;OMIM|616213
NR2F1	NR2F1	9.1505E-01	0.000124625	Nuclear receptor	BrainSpLMD|7025;BrainSpMouseDev|13643	SFARI||Autism, 4 - Minimal evidence;OMIM|132890;HPO|7025|Autosomal dominant inheritance, Global developmental delay, Intellectual disability, Nystagmus, Optic atrophy, Optic disc pallor, Reduced visual acuity, Strabismus, Tapered finger, Visual field defect, Visual impairment
NKAIN3	NKAIN3	1.4373E+00	0.000129225	Unclassified	BrainSpLMD|286183	OMIM|612872
LPPR4	LPPR4	5.3851E-01	0.000134938			
MEIS3	MEIS3	1.0879E+00	0.00013703	Transcription regulatory protein	BrainSpLMD|56917;BrainSpMouseDev|17304	
LINC01114	LINC01114	9.0993E-01	0.000141885			
MAP7D1	MAP7D1	7.4835E-01	0.000145341	Unclassified	BrainSpLMD|55700;Eurexp|euxassay_016402|dorsal root ganglion, facial VII, glossopharyngeal IX, trigeminal V	
EPHA3	EPHA3	6.4883E-01	0.000146046	Receptor tyrosine kinase	BrainSpLMD|2042;Eurexp|euxassay_018957|axial muscle, clavicle, cranial muscle, extrinsic ocular muscle, floorplate, head mesenchyme, incisor, lip, lung, mantle layer, marginal layer, mesenchyme, molar, naris, palatal shelf, pectoral girdle and thoracic body wall, skeletal muscle, tarsus, thymus primordium, tongue, ventricular layer, vibrissa, vomeronasal organ;BrainSpMouseDev|13615	OMIM|179611;COSMIC||lung cancer, CRC, melanoma
ZNF804A	ZNF804A	1.3851E+00	0.000164387	Unclassified	BrainSpLMD|91752;Eurexp|euxassay_008966|brain, dorsal root ganglion, facial VII, spinal cord, tongue, trigeminal V, vagus X, vestibulocochlear VIII	SFARI||Autism, No category;OMIM|612282
HNRNPA1P10	HNRNPA1P10	7.3796E-01	0.000166419			
GLCE	GLCE	8.3741E-01	0.000167144	Enzyme: Epimerase	BrainSpLMD|26035;Eurexp|euxassay_014583|lip	OMIM|612134
USP22	USP22	4.0995E-01	0.000172382	Unclassified	Eurexp|euxassay_000296|alar plate, diencephalon, dorsal root ganglion, facial VII, glossopharyngeal IX, lateral wall, lens, medulla oblongata, meninges, metencephalon, neural retina, telencephalon, trigeminal V, vagus X, vestibulocochlear VIII	OMIM|612116
POU3F2	POU3F2	4.8987E-01	0.000172506	Transcription factor	BrainSpLMD|5454;BrainSpMouseDev|18755	SFARI||Autism, 5 - Hypothesized but untested;OMIM|600494
RBFOX3	RBFOX3	1.6457E+00	0.000175399			OMIM|616999
CCSAP	CCSAP	1.0423E+00	0.000181083	Unclassified	BrainSpLMD|126731;Eurexp|euxassay_014272|olfactory, ventricular layer, vomeronasal organ	OMIM|616762
RBPJ	RBPJ	6.5169E-01	0.000181717	Transcription factor;Transcription regulatory protein	BrainSpLMD|3516;BrainSpMouseDev|19427	OMIM|147183;HPO|3516|2-3 toe syndactyly, Abnormal pulmonary valve morphology, Abnormality of the metacarpal bones, Absent hand, Absent toe, Aplasia cutis congenita, Autosomal dominant inheritance, Brachydactyly, Calvarial skull defect, Cataract, Cutis marmorata, Failure to thrive, Finger syndactyly, Hydrocephalus, Microcephaly, Microphthalmia, Pulmonary artery atresia, Short distal phalanx of finger, Short metatarsal, Sparse hair, Split hand, Strabismus, Talipes, Tetralogy of Fallot
NKAIN1	NKAIN1	6.8422E-01	0.000190415	Integral membrane protein	BrainSpLMD|79570	OMIM|612871
CYTH1	CYTH1	6.4538E-01	0.000204963	Guanine nucleotide exchange factor	BrainSpLMD|9267	OMIM|182115
CDON	CDON	7.9913E-01	0.000209288	Cell surface receptor	BrainSpLMD|50937;BrainSpMouseDev|37081	OMIM|608707;HPO|50937|Agenesis of corpus callosum, Autosomal dominant inheritance, Cleft lip, Cleft palate, Delayed puberty, Ectopic posterior pituitary, Failure to thrive, Global developmental delay, Holoprosencephaly, Hypoglycemia, Hypoplasia of penis, Hypotelorism, Hypothyroidism, Microcephaly, Polysplenia, Proptosis, Short stature, Sporadic, Synophrys, Thick eyebrow, Variable expressivity
LZTS1	LZTS1	1.0545E+00	0.000221068	Unclassified	BrainSpLMD|11178;Eurexp|euxassay_011133|mantle layer, marginal layer, ventricular layer;BrainSpMouseDev|84266	OMIM|606551;HPO|11178|Autosomal dominant inheritance, Squamous cell carcinoma
SPAG9	SPAG9	2.8436E-01	0.000238878	Integral membrane protein	BrainSpLMD|9043;Eurexp|euxassay_014482|dorsal root ganglion, facial VII, glossopharyngeal IX, neural retina, trigeminal V, vestibulocochlear VIII	OMIM|605430
TRIM2	TRIM2	2.7650E-01	0.0002441	Unclassified	BrainSpLMD|23321;Eurexp|euxassay_008433|anterior, bladder, brain, cervical, cervico-thoracic, epithelium, facial VII, glossopharyngeal IX, hindgut, larynx, left lung, lens, mesenchyme, mesentery, metanephros, midgut, naso-lacrimal duct, neural retina, olfactory, right lung, spinal cord, stomach, sublingual gland primordium, submandibular gland primordium, thoracic, trachea, trigeminal V, vagus X, vestibulocochlear VIII, vomeronasal organ	OMIM|614141;HPO|23321|Areflexia, Autosomal recessive inheritance, Broad-based gait, Decreased muscle mass, Decreased number of peripheral myelinated nerve fibers, Generalized hypotonia, Knee flexion contracture, Muscle weakness, Peripheral axonal neuropathy, Pes cavus, Respiratory insufficiency, Talipes equinovarus, Tracheomalacia, Vocal cord paralysis
GTF2IRD2	GTF2IRD2	6.2269E-01	0.00024814	Transcription factor	BrainSpLMD|84163	OMIM|608899
CACUL1	CACUL1	6.0564E-01	0.000252524	Unclassified	BrainSpLMD|143384	
KDM5B	KDM5B	6.4004E-01	0.000260302	Transcription regulatory protein	BrainSpLMD|10765;BrainSpMouseDev|51446	SFARI||Autism, 2 - Strong candidate;OMIM|605393
NIPBL	NIPBL	6.2494E-01	0.000264745	-	BrainSpLMD|25836	SFARI||Autism, No category;OMIM|608667;HPO|25836|2-3 toe syndactyly, Abnormality of the umbilicus, Abnormally low-pitched voice, Anteverted nares, Anxiety, Astigmatism, Atresia of the external auditory canal, Attention deficit hyperactivity disorder, Autosomal dominant inheritance, Behavioral abnormality, Bilateral single transverse palmar creases, Blepharitis, Brachycephaly, Choanal atresia, Cleft palate, Cleft upper lip, Clinodactyly of the 5th finger, Conductive hearing impairment, Congenital diaphragmatic hernia, Cryptorchidism, Curly eyelashes, Cutis marmorata, Delayed eruption of teeth, Delayed skeletal maturation, Delayed speech and language development, Depressed nasal bridge, Dislocated radial head, Downturned corners of mouth, Duplication of internal organs, Ectopic kidney, Elbow dislocation, Elbow flexion contracture, Failure to thrive, Feeding difficulties in infancy, Gastroesophageal reflux, Generalized hirsutism, Hand oligodactyly, Hiatus hernia, High palate, High, narrow palate, Highly arched eyebrow, Hirsutism, Hypertonia, Hypoplasia of penis, Hypoplasia of the radius, Hypoplastic labia majora, Hypoplastic male external genitalia, Hypoplastic nipples, Hypoplastic radial head, Hypospadias, Inguinal hernia, Intellectual disability, Intellectual disability, severe, Intrauterine growth retardation, Joint stiffness, Limited elbow extension, Long eyelashes, Long philtrum, Low anterior hairline, Low posterior hairline, Low-set ears, Low-set, posteriorly rotated ears, Malrotation of colon, Microcephaly, Microcornea, Micrognathia, Micromelia, Multicystic kidney dysplasia, Myopia, Neurological speech impairment, Nystagmus, Obsessive-compulsive behavior, Optic atrophy, Optic nerve coloboma, Phenotypic variability, Phocomelia, Phthisis bulbi, Pneumonia, Premature birth, Proptosis, Proximal placement of thumb, Ptosis, Pyloric stenosis, Radioulnar synostosis, Reduced renal corticomedullary differentiation, Seizures, Self-injurious behavior, Sensorineural hearing impairment, Severe postnatal growth retardation, Short 1st metacarpal, Short foot, Short neck, Short nose, Short stature, Short sternum, Single transverse palmar crease, Sleep disturbance, Small hand, Sporadic, Strabismus, Supernumerary ribs, Synophrys, Thick eyebrow, Thin upper lip vermilion, Thin vermilion border, Thrombocytopenia, Toe syndactyly, Ventricular septal defect, Vesicoureteral reflux, Weak cry, Widely spaced teeth
KIF5C	KIF5C	5.3752E-01	0.00028476	Motor protein	BrainSpLMD|3800;Eurexp|euxassay_015929|cervical, cervico-thoracic, diencephalon, dorsal root ganglion, facial VII, glossopharyngeal IX, hindbrain, midbrain, neural retina, olfactory, spinal cord, telencephalon, trigeminal V, vestibulocochlear VIII, vomeronasal organ;BrainSpMouseDev|16347	SFARI||Autism, No category;OMIM|604593;HPO|3800|Absent speech, Arthrogryposis multiplex congenita, Autosomal dominant inheritance, Congenital onset, Cortical dysplasia, Fetal akinesia sequence, Global developmental delay, Hypoplasia of the corpus callosum, Intrauterine growth retardation, Microcephaly, Polymicrogyria, Seizures, Spastic tetraplegia, Variable expressivity
RPL7AP6	RPL7AP6	8.0581E-01	0.000285761			
SOX5	SOX5	3.8844E-01	0.000296252	Transcription factor	BrainSpLMD|6660;BrainSpMouseDev|20440	SFARI||Autism, No category;OMIM|604975;HPO|6660|2-3 toe syndactyly, Abnormality of brain morphology, Anxiety, Autosomal dominant inheritance, Bulbous nose, Clinodactyly, Delayed speech and language development, Dental crowding, Depressed nasal bridge, Downslanted palpebral fissures, Epicanthus, Exaggerated median tongue furrow, Exotropia, Facial asymmetry, Frontal bossing, Generalized hypotonia, Global developmental delay, Hyperplasia of the maxilla, Intellectual disability, Low-set ears, Lumbar hyperlordosis, Motor delay, Muscular hypotonia, Myopia, Narrow palate, Open mouth, Optic atrophy, Pectus carinatum, Phenotypic variability, Posteriorly rotated ears, Scoliosis, Strabismus, Thoracic kyphoscoliosis, Vertebral fusion, Wide nasal bridge
ATP6V1G1	ATP6V1G1	5.5525E-01	0.000299081	Transport/cargo protein	BrainSpLMD|9550;Eurexp|euxassay_006208|dorsal root ganglion, facial VII, glossopharyngeal IX, neural retina, olfactory, stroma, submandibular gland primordium, thymus primordium, trigeminal V, vagus X, vestibulocochlear VIII, vibrissa	OMIM|607296
RP11.121G22.3	RP11.121G22.3	8.4790E-01	0.000301714			
ZBTB20	ZBTB20	3.2992E-01	0.000313004	Transcription factor	BrainSpLMD|26137;BrainSpMouseDev|35770	SFARI||Autism, 3 - Suggestive evidence;OMIM|606025;HPO|26137|Abnormality of the palate, Absent axillary hair, Absent facial hair, Anemia, Anonychia, Autosomal dominant inheritance, Basilar impression, Bilateral cryptorchidism, Bone cyst, Brachycephaly, Broad forehead, Calcification of the auricular cartilage, Cataract, Conductive hearing impairment, Deeply set eye, Developmental regression, Distal amyotrophy, Downslanted palpebral fissures, Downturned corners of mouth, Gait disturbance, Generalized hypotonia, Generalized osteoporosis, Genu valgum, Gynecomastia, Hearing impairment, Hip contracture, Hydrocephalus, Hypogonadism, Hypoplasia of the corpus callosum, Hypoplasia of the maxilla, Increased size of the mandible, Intellectual disability, Irregular vertebral endplates, Knee flexion contracture, Kyphosis, Macrocephaly, Macrotia, Malar flattening, Metatarsus adductus, Midface retrusion, Myopathy, Narrow chest, Narrow iliac wings, Narrow mouth, Neurodegeneration, Osteolysis, Pectus excavatum, Pes cavus, Plagiocephaly, Posterior polar cataract, Posterior scalloping of vertebral bodies, Ptosis, Scoliosis, Seizures, Short distal phalanx of finger, Short stature, Sparse scalp hair, Sporadic, Superiorly displaced ears, Synophrys, Thick lower lip vermilion, Truncal obesity
APEX1	APEX1	5.6514E-01	0.000381516	DNA repair protein	BrainSpLMD|328;Eurexp|euxassay_005116|adenohypophysis, brain, cervical, cervico-thoracic, dorsal root ganglion, footplate, glossopharyngeal IX, handplate, hindgut, incisor, liver, lung, mandible, metanephros, midgut, molar, naris, naso-lacrimal duct, olfactory, orbito-sphenoid, pancreas, pharyngo-tympanic tube, rectum, respiratory, retina, spinal cord, sternum, stomach, submandibular gland primordium, testis, thoracic, thymus primordium, thyroid, trigeminal V, vertebral axis muscle system, vestibulocochlear VIII, vibrissa	OMIM|107748
TAGLN3	TAGLN3	5.3744E-01	0.000421714	Cytoskeletal associated protein;Unclassified	BrainSpLMD|29114;Eurexp|euxassay_000750|dorsal root ganglion, facial VII, glossopharyngeal IX, hindgut, inferior, neural retina, trigeminal V, vagus X, vestibulocochlear VIII	OMIM|607953
ZXDC	ZXDC	1.5419E+00	0.000424694	Unclassified	BrainSpLMD|79364	OMIM|615746
PNISR	PNISR	3.2545E-01	0.000459435	Unclassified	BrainSpLMD|25957;Eurexp|euxassay_011305|brain, dorsal root ganglion, facial VII, glossopharyngeal IX, metanephros, neural retina, olfactory, spinal cord, trigeminal V, vagus X, vestibulocochlear VIII, vomeronasal organ	OMIM|616653
XIST	XIST	4.4574E-01	0.000461374			OMIM|314670;HPO|7503|Spontaneous abortion
TRIM33	TRIM33	5.3714E-01	0.000463832	Transcription regulatory protein	BrainSpLMD|51592;Eurexp|euxassay_018763|submandibular gland primordium	SFARI||Autism, No category;OMIM|605769;COSMIC||papillary thyroid;HPO|51592|Autosomal dominant inheritance, Non-medullary thyroid carcinoma, Papillary thyroid carcinoma
NRP1	NRP1	5.7373E-01	0.000470453	Cell surface receptor	BrainSpLMD|8829;BrainSpMouseDev|17953	OMIM|602069
DOK6	DOK6	1.0585E+00	0.000471892	Adapter molecule	BrainSpLMD|220164;Eurexp|euxassay_013254|dorsal root ganglion, facial VII, forebrain, glossopharyngeal IX, hindbrain, midbrain, spinal cord, trigeminal V	OMIM|611402
KCTD6	KCTD6	1.0108E+00	0.000476886	Ion channel	BrainSpLMD|200845;Eurexp|euxassay_003600|dorsal root ganglion, mantle layer, marginal layer, trigeminal V, vibrissa	
GPC2	GPC2	4.3144E-01	0.000484587	Integral membrane protein	BrainSpLMD|221914;Eurexp|euxassay_006296|brain, cervical, cervico-thoracic, dorsal root ganglion, facial VII, glossopharyngeal IX, neural retina, olfactory, spinal cord, stroma, thoracic, trigeminal V, vagus X, vestibulocochlear VIII	
SIPA1L2	SIPA1L2	9.5254E-01	0.000485144	GTPase activating protein	BrainSpLMD|57568;Eurexp|euxassay_006320|mantle layer, marginal layer, thymus primordium, ventricular layer;BrainSpMouseDev|89268	OMIM|611609
GNG3	GNG3	6.2041E-01	0.000493769	G protein	BrainSpLMD|2785;Eurexp|euxassay_010359|brain, cervical, cervico-thoracic, dorsal root ganglion, facial VII, glossopharyngeal IX, midgut, neural retina, olfactory, spinal cord, stomach, thoracic, tongue, trigeminal V, vagus X, vestibulocochlear VIII	OMIM|608941
ITCH	ITCH	4.5471E-01	0.000544041	Ubiquitin proteasome system protein	BrainSpLMD|83737;Eurexp|euxassay_009772|dorsal root ganglion, facial VII, glossopharyngeal IX, mantle layer, marginal layer, neural retina, olfactory, trigeminal V, vestibulocochlear VIII, vomeronasal organ	OMIM|606409;HPO|83737|Abnormal facial shape, Autoimmunity, Autosomal recessive inheritance, Camptodactyly, Clinodactyly, Dolichocephaly, Frontal bossing, Global developmental delay, Hepatomegaly, Low-set ears, Posteriorly rotated ears, Prominent occiput, Proptosis, Relative macrocephaly, Short chin, Splenomegaly
RP11.817I4.2	RP11.817I4.2	5.4964E-01	0.000544851			
NRG1	NRG1	5.9711E-01	0.000589983	Growth factor	BrainSpLMD|3084;Eurexp|euxassay_007625|dorsal root ganglion, facial VII, glossopharyngeal IX, mantle layer, olfactory, testis, trigeminal V, ventral grey horn, ventricular layer, vestibulocochlear VIII, vomeronasal organ;BrainSpMouseDev|84285	SFARI||Autism, 5 - Hypothesized but untested;OMIM|142445;COSMIC||NSCLC
BMPR1A	BMPR1A	3.2413E-01	0.000620608	Receptor serine/threonine kinase	BrainSpLMD|657;BrainSpMouseDev|11952	OMIM|601299;COSMIC||gastrointestinal polyps;HPO|657|Abdominal pain, Adenomatous colonic polyposis, Anemia, Autosomal dominant inheritance, Colon cancer, Failure to thrive, Hyperplastic colonic polyposis, Hypoalbuminemia, Hypokalemia, Juvenile colonic polyposis, Multiple gastric polyps
SMAD9	SMAD9	3.3999E-01	0.000636194	Transcription factor;Unclassified	BrainSpLMD|4093;BrainSpMouseDev|35279	OMIM|603295;HPO|4093|Autosomal dominant inheritance, Incomplete penetrance, Increased pulmonary vascular resistance, Progressive, Pulmonary arterial hypertension
HYDIN2	HYDIN2	4.6951E-01	0.0006683			OMIM|610813
LINC00925	LINC00925	1.0097E+00	0.00067951			
CDV3	CDV3	4.6489E-01	0.000808183	Unclassified	BrainSpLMD|55573	
IP6K2	IP6K2	4.5350E-01	0.000885245	Lipid Kinase	BrainSpLMD|51447	OMIM|606992
CD200	CD200	3.6021E-01	0.000907285	Cell surface receptor;Unclassified	BrainSpLMD|4345;Eurexp|euxassay_010522|anterior, aorta, basisphenoid bone, brain, cervical, cervico-thoracic, clavicle, dorsal root ganglion, facial VII, femur, fibula, glossopharyngeal IX, humerus, mandible, maxilla, neural retina, orbito-sphenoid, radius, rib, scapula, spinal cord, thoracic, tibia, trigeminal V, turbinate bones, ulna, vagus X, vestibulocochlear VIII, vibrissa	OMIM|155970
CTNND1	CTNND1	3.9952E-01	0.000951157	Adhesion molecule	BrainSpLMD|1500;BrainSpMouseDev|12173	OMIM|601045;COSMIC||large intestine carcinoma
ARHGAP21	ARHGAP21	3.3049E-01	0.000955152	GTPase activating protein	BrainSpLMD|57584;Eurexp|euxassay_007662|dorsal root ganglion, glossopharyngeal IX, mantle layer, neural retina, trigeminal V, ventral grey horn	OMIM|609870
ACLY	ACLY	7.3361E-01	0.000974265	ATPase	BrainSpLMD|47;Eurexp|euxassay_018561|brain, cervical, cervico-thoracic, dorsal root ganglion, facial VII, glossopharyngeal IX, incisor, medulla, molar, neural retina, olfactory, spinal cord, thoracic, trigeminal V, vagus X, vestibulocochlear VIII	OMIM|108728
ANK3	ANK3	4.7748E-01	0.000981289	Adapter molecule	BrainSpLMD|288;BrainSpMouseDev|11522	SFARI||Autism, No category;OMIM|600465;HPO|288|Aggressive behavior, Autosomal recessive inheritance, Bruxism, Generalized hypotonia, Hyperactivity, Intellectual disability, Intellectual disability, moderate, Spasticity
RP11.166D19.1	RP11.166D19.1	2.9678E-01	0.001021588			
FMNL2	FMNL2	3.1361E-01	0.001082621	Unclassified	BrainSpLMD|114793	OMIM|616285
NCBP2	NCBP2	5.8721E-01	0.001084218	RNA binding protein	BrainSpLMD|22916;Eurexp|euxassay_008123|embryo	OMIM|605133
BRWD1	BRWD1	4.1781E-01	0.001117059	Transcription regulatory protein;Unclassified	BrainSpLMD|54014	
RP11.87H9.2	RP11.87H9.2	4.3195E-01	0.001166938			
ST8SIA2	ST8SIA2	4.7144E-01	0.001173634	Enzyme: Sialyltransferase	BrainSpLMD|8128	SFARI||Autism, No category;OMIM|602546
ZNF766	ZNF766	9.4893E-01	0.001190535	DNA binding protein		
SPATA13	SPATA13	4.7493E-01	0.001195181	Unclassified	BrainSpLMD|221178;Eurexp|euxassay_009443|ventricular layer	OMIM|613324
TSPAN6	TSPAN6	8.7067E-01	0.00119852	Cell surface receptor	BrainSpLMD|7105;Eurexp|euxassay_004870|incisor, mandible, maxilla, molar	OMIM|300191
RPL5P23	RPL5P23	6.8096E-01	0.001232414			
ZNF638	ZNF638	2.6151E-01	0.00128891	DNA binding protein	BrainSpLMD|27332	OMIM|614349
KLHL24	KLHL24	3.1154E-01	0.001359356	Unclassified	BrainSpLMD|54800;Eurexp|euxassay_004876|adenohypophysis, brain, cervical, cervico-thoracic, dorsal root ganglion, glossopharyngeal IX, olfactory, spinal cord, thoracic, trigeminal V, vagus X	OMIM|611295;HPO|54800|Autosomal dominant inheritance, Diffuse palmoplantar keratoderma, Dystrophic toenail, Sparse body hair
KDM1A	KDM1A	3.4600E-01	0.00138817	Enzyme: Deacetylase;Transcription regulatory protein	BrainSpLMD|23028	OMIM|609132;HPO|23028|Abnormal vertebral morphology, Autosomal dominant inheritance, Frontal bossing, Generalized hypotonia, Highly arched eyebrow, Lower limb hypertonia, Motor delay, Short thumb, Tapered finger
UGGT1	UGGT1	3.1285E-01	0.001402798	Enzyme: Glycosyltransferase	BrainSpLMD|56886	OMIM|605897
EVL	EVL	8.8000E-01	0.001441076	Cytoskeletal protein	BrainSpLMD|51466;BrainSpMouseDev|13803	OMIM|616912
WIPF3	WIPF3	4.9624E-01	0.001452012	Cytoskeletal associated protein	BrainSpLMD|644150	OMIM|612432
SSR4	SSR4	6.7585E-01	0.001483538	Membrane transport protein	BrainSpLMD|6748;Eurexp|euxassay_002889|Meckel's cartilage, axial skeleton, basisphenoid bone, chondrocranium, exoccipital bone, incisor, lobe, molar, nasal capsule, orbito-sphenoid, pancreas, pectoral girdle and thoracic body wall, rib, submandibular gland primordium, thymus primordium, turbinate	OMIM|300090;HPO|6748|Abnormal facial shape, Abnormality of upper lip vermillion, Clinodactyly, Congenital onset, Deeply set eye, Failure to thrive, Feeding difficulties, Gastroesophageal reflux, Generalized hypotonia, Global developmental delay, Hypospadias, Intellectual disability, Joint dislocation, Macrotia, Microcephaly, Micrognathia, Scoliosis, Seizures, Strabismus, Type I transferrin isoform profile, Vomiting, Wide mouth, Widely spaced teeth, X-linked recessive inheritance
SLC4A7	SLC4A7	3.7717E-01	0.001484138	Transport/cargo protein	BrainSpLMD|9497	OMIM|603353
VANGL2	VANGL2	5.8505E-01	0.001549955	Integral membrane protein	Eurexp|euxassay_012321|brain, incisor, molar, spinal cord, vibrissa	OMIM|600533;HPO|57216|Anencephaly, Asymmetry of spinal facet joints, Autosomal dominant inheritance, Hydrocephalus, Multiple lipomas, Myelomeningocele, Primary adrenal insufficiency, Spina bifida occulta, Urinary incontinence
BSDC1	BSDC1	6.1398E-01	0.001606335	Unclassified	BrainSpLMD|55108	OMIM|617518
DAAM1	DAAM1	3.9904E-01	0.00161727	Unclassified	BrainSpLMD|23002;BrainSpMouseDev|84026	OMIM|606626
SEL1L3	SEL1L3	6.4417E-01	0.001636996	Integral membrane protein	BrainSpLMD|23231;Eurexp|euxassay_002775|basal plate, calyces, cerebral cortex, corpus striatum, cortex, dorsal root ganglion, ductus deferens, foregut-midgut junction, glossopharyngeal IX, hindgut, marginal layer, midgut, rectum, stomach, submandibular gland primordium, trigeminal V, urethra, vestibulocochlear VIII	
COPA	COPA	8.9048E-01	0.001655634	Transport/cargo protein	BrainSpLMD|1314;Eurexp|euxassay_003303|clavicle, mandible, maxilla, rib	OMIM|601924
PLCE1	PLCE1	4.8047E-01	0.001664997	Guanine nucleotide exchange factor	BrainSpLMD|51196;Eurexp|euxassay_014545|floor plate, floorplate	OMIM|608414;HPO|51196|Autosomal recessive inheritance, Childhood onset, Diffuse mesangial sclerosis, Edema, Focal segmental glomerulosclerosis, Hypoalbuminemia, Nephrotic syndrome, Progressive, Proteinuria, Stage 5 chronic kidney disease
RPAP1	RPAP1	8.3513E-01	0.001701507	Unclassified	BrainSpLMD|26015	OMIM|611475
MAPK10	MAPK10	4.6552E-01	0.001748672	Serine/threonine kinase	BrainSpLMD|5602;Eurexp|euxassay_009977|brain, cervical, cervico-thoracic, dorsal root ganglion, facial VII, glossopharyngeal IX, midgut, neural retina, olfactory, spinal cord, stomach, thoracic, trigeminal V, vagus X, vestibulocochlear VIII, vomeronasal organ;BrainSpMouseDev|26162	OMIM|602897;HPO|5602|Abnormality of brainstem morphology, Aggressive behavior, Atonic seizures, Atypical absence seizures, Autistic behavior, EEG with focal sharp slow waves, Encephalopathy, Falls, Generalized tonic seizures, Generalized tonic-clonic seizures, Hyperactivity, Intellectual disability, Mental deterioration, Myoclonus, Personality disorder
H3F3AP4	H3F3AP4	2.5224E-01	0.001760312			
TBR1	TBR1	1.0294E+00	0.00178219	Transcription factor	BrainSpLMD|10716;BrainSpMouseDev|21136	SFARI||Autism, 1 - High confidence;OMIM|604616;HPO|10716|Abnormality of oral frenula, Abnormality of the iris, Autistic behavior, Bullet-shaped distal phalanx of the hallux, Camptodactyly of finger, Cataract, Cleft palate, Coloboma, Downslanted palpebral fissures, Failure to thrive, Growth delay, Hand clenching, Hypertelorism, Intellectual disability, Long fingers, Low-set, posteriorly rotated ears, Microphthalmia, Neonatal hypotonia, Seizures, Severe global developmental delay, Short neck, Short philtrum, Small face, Small for gestational age, Toe syndactyly
LRCH3	LRCH3	5.0722E-01	0.001919399	Unclassified	BrainSpLMD|84859	
NCSTN	NCSTN	7.9342E-01	0.001925559	Integral membrane protein	BrainSpLMD|23385;BrainSpMouseDev|37711	OMIM|605254;HPO|23385|Acne inversa, Atypical scarring of skin, Autosomal dominant inheritance
LDLRAD4	LDLRAD4	1.1844E+00	0.001952273	Integral membrane protein	BrainSpLMD|753	OMIM|606571
COTL1	COTL1	8.8062E-01	0.001972062	Unclassified	BrainSpLMD|23406;Eurexp|euxassay_010951|cortex, embryo, epithelium, lens, mantle layer, marginal layer, midgut, neural retina, olfactory, stomach, thymus primordium, trachea, ventricular layer;BrainSpMouseDev|47883	OMIM|606748
MKLN1	MKLN1	2.8003E-01	0.00197976	Adhesion molecule	BrainSpLMD|4289	OMIM|605623
CC2D2A	CC2D2A	6.6107E-01	0.002027779	Unclassified		OMIM|612013;HPO|57545|Anteverted nares, Aplasia/Hypoplasia of the cerebellum, Aplasia/Hypoplasia of the iris, Apnea, Astigmatism, Ataxia, Autistic behavior, Autosomal recessive inheritance, Bile duct proliferation, Biparietal narrowing, Blindness, Cataract, Cerebellar vermis hypoplasia, Chorioretinal abnormality, Chorioretinal coloboma, Cirrhosis, Cleft palate, Coloboma, Congenital hepatic fibrosis, Cryptorchidism, Cystic liver disease, Depressed nasal ridge, Elevated hepatic transaminases, Encephalocele, Feeding difficulties in infancy, Full cheeks, Gait disturbance, Generalized hypotonia, Global developmental delay, Growth delay, Hepatic fibrosis, Hepatomegaly, Heterogeneous, Hyperreflexia, Hypertelorism, Infantile onset, Intellectual disability, Intellectual disability, moderate, Intrahepatic biliary atresia, Iris coloboma, Lobar holoprosencephaly, Long face, Low-set, posteriorly rotated ears, Microcephaly, Microcornea, Micrognathia, Microphthalmia, Molar tooth sign on MRI, Multicystic kidney dysplasia, Multiple small medullary renal cysts, Muscular hypotonia, Nephronophthisis, Nephropathy, Nystagmus, Occipital encephalocele, Oculomotor apraxia, Oligohydramnios, Optic atrophy, Optic nerve coloboma, Portal hypertension, Postaxial foot polydactyly, Postaxial hand polydactyly, Ptosis, Pulmonary hypoplasia, Renal cyst, Renal insufficiency, Retinal dystrophy, Rod-cone dystrophy, Round face, Sclerocornea, Sloping forehead, Spasticity, Splenomegaly, Tachypnea, Talipes, Talipes equinovarus, Ventriculomegaly, Visual impairment, Wide mouth
RBM3	RBM3	5.9809E-01	0.002098076	RNA binding protein	BrainSpLMD|5935	OMIM|300027
ZNF302	ZNF302	5.3294E-01	0.002102895	DNA binding protein	BrainSpLMD|55900	
LARP7	LARP7	6.9342E-01	0.002178183	Unclassified	BrainSpLMD|51574;Eurexp|euxassay_006535|embryo	OMIM|612026;HPO|51574|Autosomal recessive inheritance, Decreased body weight, Deeply set eye, Depressed nasal bridge, Global developmental delay, Intellectual disability, severe, Low-set ears, Malar flattening, Microcephaly, Scoliosis, Severe short stature, Short philtrum, Thick vermilion border, Wide mouth, Wide nasal bridge, Wide nose
PRKX	PRKX	1.0324E+00	0.002186273	Serine/threonine kinase	BrainSpLMD|5613	OMIM|300083
IRAK1BP1	IRAK1BP1	1.1495E+00	0.002243579	Unclassified		OMIM|615375
HNRNPA1P4	HNRNPA1P4	4.4903E-01	0.002304136			
PHLDA1	PHLDA1	5.1132E-01	0.002396801	Transcription factor	BrainSpLMD|22822;Eurexp|euxassay_008411|anterior, axial skeleton, bladder, cartilaginous ring, cornea, diaphragm, dorsal root ganglion, footplate, glossopharyngeal IX, handplate, hepatic duct, hindgut, incisor, inner ear, left lung, liver, mantle layer, medulla, meninges, metanephros, midgut, molar, naso-lacrimal duct, oesophagus, olfactory, pancreas, paraxial mesenchyme, pelvis, rest of mesenchyme, retina, right lung, skeletal muscle, stomach, sublingual gland primordium, submandibular gland primordium, thymus primordium, thyroid, tongue, trigeminal V, ureter, vertebral axis muscle system, vestibulocochlear VIII, vibrissa, vomeronasal organ	OMIM|605335
PIP5K1A	PIP5K1A	1.4439E+00	0.002422826	Lipid Kinase	BrainSpLMD|8394;Eurexp|euxassay_018593|incisor, vibrissa	OMIM|603275
ACTB	ACTB	2.7869E-01	0.002426523	Cytoskeletal protein	BrainSpLMD|60;BrainSpMouseDev|11250	OMIM|102630;HPO|60|Abnormality of metabolism/homeostasis, Achalasia, Agenesis of corpus callosum, Anteverted nares, Aortic valve stenosis, Aphasia, Autosomal dominant inheritance, Autosomal recessive inheritance, Bicuspid aortic valve, Blindness, Cataract, Cerebral cortical hemiatrophy, Chorioretinal coloboma, Cleft palate, Cleft upper lip, Coarse facial features, Cryptorchidism, Death in early adulthood, Delayed cranial suture closure, Depressed nasal tip, Downslanted palpebral fissures, Dysphagia, Dysphasia, Echolalia, Epicanthus, Euryblepharon, Externally rotated hips, Failure to thrive, Feeding difficulties, Full cheeks, Generalized dystonia, Generalized hypotonia, Global developmental delay, Growth delay, Heterochromia iridis, High forehead, Highly arched eyebrow, Hydronephrosis, Hydroureter, Hypertelorism, Hypoplastic scapulae, Immunodeficiency, Intellectual disability, Intellectual disability, mild, Iris coloboma, Joint stiffness, Kyphoscoliosis, Kyphosis, Large fontanelles, Lissencephaly, Long nose, Long palpebral fissure, Long philtrum, Low posterior hairline, Low-set ears, Macroglossia, Macrogyria, Mental deterioration, Microcephaly, Micrognathia, Micromelia, Micropenis, Mild global developmental delay, Mutism, Oral cleft, Osteochondrosis, Overfolded helix, Pachygyria, Patent ductus arteriosus, Pointed chin, Polymicrogyria, Postnatal growth retardation, Prominent epicanthal folds, Prominent metopic ridge, Prominent nose, Ptosis, Retinoschisis, Retrognathia, Scoliosis, Seizures, Sensorineural hearing impairment, Short columella, Short neck, Short nose, Short stature, Skeletal dysplasia, Small for gestational age, Specific learning disability, Subcortical cerebral atrophy, Telecanthus, Thin upper lip vermilion, Thin vermilion border, Trigonocephaly, Wide mouth, Wide nasal bridge, Wide nose
CRLF3	CRLF3	2.5879E-01	0.002451752	Unclassified	BrainSpLMD|51379;Eurexp|euxassay_008617|liver, thymus primordium	OMIM|614853
RC3H1	RC3H1	3.7894E-01	0.002476477	Ubiquitin proteasome system protein		OMIM|609424
TSPAN5	TSPAN5	1.1035E+00	0.002481461	Integral membrane protein	BrainSpLMD|10098	OMIM|613136
RANBP1	RANBP1	5.2245E-01	0.002634355	Transport/cargo protein		OMIM|601180
HIPK2	HIPK2	6.5447E-01	0.002635976	Serine/threonine kinase	BrainSpLMD|28996	OMIM|606868
DDAH2	DDAH2	2.5932E-01	0.002702402	Enzyme: Hydrolase	BrainSpLMD|23564	OMIM|604744
PSMB7	PSMB7	3.6830E-01	0.002711127	Ubiquitin proteasome system protein	BrainSpLMD|5695	OMIM|604030
RNF144A	RNF144A	9.7576E-01	0.002731757	Ubiquitin proteasome system protein	BrainSpLMD|9781	
ILKAP	ILKAP	1.4763E+00	0.002758624	Serine/threonine phosphatase	BrainSpLMD|80895	
UBE4B	UBE4B	9.2607E-01	0.00278673	Ubiquitin proteasome system protein	BrainSpLMD|10277	OMIM|613565
SEMA6D	SEMA6D	9.0595E-01	0.002895962	Membrane bound ligand	BrainSpLMD|80031;Eurexp|euxassay_010735|dorsal root ganglion, embryo, facial VII, glossopharyngeal IX, mantle layer, marginal layer, trigeminal V, ventricular layer, vestibulocochlear VIII;BrainSpMouseDev|84750	OMIM|609295
HNRNPA1P7	HNRNPA1P7	4.7004E-01	0.002975473			
GLI3	GLI3	7.9057E-01	0.002989534	Transcription factor	BrainSpLMD|2737;Eurexp|euxassay_018378|axial skeleton, mesenchyme, phalanx, ventricular layer;BrainSpMouseDev|14410	OMIM|165240;HPO|2737|1-5 toe syndactyly, 3-4 finger syndactyly, Abnormal lung lobation, Abnormality of earlobe, Accelerated skeletal maturation, Anal atresia, Aplasia/Hypoplasia of the corpus callosum, Autosomal dominant inheritance, Bifid epiglottis, Broad hallux phalanx, Broad thumb, Cryptorchidism, Dandy-Walker malformation, Decreased circulating cortisol level, Decreased testicular size, Distal shortening of limbs, Distal urethral duplication, Dysplastic distal thumb phalanges with a central hole, Ectopic kidney, Esophageal atresia, Finger syndactyly, Frontal bossing, Growth hormone deficiency, High forehead, Hip dislocation, Holoprosencephaly, Hydronephrosis, Hydroureter, Hypertelorism, Hypoplasia of the epiglottis, Intellectual disability, severe, Intrauterine growth retardation, Laryngeal cleft, Macrocephaly, Mesoaxial foot polydactyly, Mesoaxial hand polydactyly, Micropenis, Nail dysplasia, Neonatal death, Panhypopituitarism, Postaxial foot polydactyly, Postaxial hand polydactyly, Preaxial foot polydactyly, Preaxial polydactyly, Precocious puberty, Preductal coarctation of the aorta, Prominent occiput, Radial head subluxation, Renal cyst, Renal dysplasia, Renal hypoplasia, Scaphocephaly, Seizures, Short nose, Short stature, Sloping forehead, Telecanthus, Thyroid dysgenesis, Toe syndactyly, Tracheoesophageal fistula, Trigonocephaly, Triphalangeal thumb, Variable expressivity, Ventricular septal defect, Wide nasal bridge
NEDD4L	NEDD4L	2.7537E-01	0.003029193	Ubiquitin proteasome system protein	BrainSpLMD|23327;Eurexp|euxassay_011535|brain, dorsal root ganglion, facial VII, footplate, glossopharyngeal IX, handplate, metanephros, midgut, neural retina, oesophagus, olfactory, pancreas, rectum, renal/urinary system, rest of mesenchyme, skeletal muscle, spinal cord, stomach, trigeminal V, vagus X, vertebral axis muscle system, vestibulocochlear VIII	OMIM|606384;HPO|23327|2-3 toe syndactyly, Autosomal dominant inheritance, Cleft palate, Congenital onset, Cryptorchidism, Global developmental delay, Intellectual disability, Micrognathia, Muscular hypotonia of the trunk, Strabismus
MMP16	MMP16	5.2250E-01	0.003032577	Metallo protease	BrainSpLMD|4325;Eurexp|euxassay_002543|body-wall mesenchyme, cochlear duct, cranium, head mesenchyme, mandible, rib, vibrissa	OMIM|602262
ZMYM4.AS1	ZMYM4.AS1	5.6426E-01	0.003114179			
NEUROD6	NEUROD6	3.7504E-01	0.003177814	Transcription factor	BrainSpLMD|63974;Eurexp|euxassay_017889|inner ear, mantle layer, olfactory, olfactory lobe;BrainSpMouseDev|11708	OMIM|611513
MRPS31	MRPS31	2.8409E-01	0.003197747	Ribosomal subunit	BrainSpLMD|10240;Eurexp|euxassay_011534|left lung, liver, metanephros, midgut, right lung, stomach	OMIM|611992
MYO10	MYO10	6.4556E-01	0.003436174	Motor protein	BrainSpLMD|4651;Eurexp|euxassay_009373|mantle layer, marginal layer, thymus primordium, trigeminal V, ventricular layer	OMIM|601481
ZKSCAN1	ZKSCAN1	2.5733E-01	0.003442635	Transcription regulatory protein	BrainSpLMD|7586;Eurexp|euxassay_012753|brain, dorsal root ganglion, facial VII, glossopharyngeal IX, metanephros, olfactory, spinal cord, trigeminal V, vagus X;BrainSpMouseDev|50411	OMIM|601260
ATP1B3	ATP1B3	5.2668E-01	0.003598125	ATPase	BrainSpLMD|483	OMIM|601867
NMD3	NMD3	4.8316E-01	0.003624042	Unclassified	BrainSpLMD|51068	OMIM|611021
RPL3P7	RPL3P7	2.9727E-01	0.003677194			
WDR6	WDR6	1.1091E+00	0.003720569	Integral membrane protein	BrainSpLMD|11180	OMIM|606031
PCMTD1	PCMTD1	3.5311E-01	0.003739639	Unclassified	BrainSpLMD|115294;Eurexp|euxassay_011211|dorsal root ganglion, facial VII, forebrain, glossopharyngeal IX, hindbrain, incisor, midbrain, molar, neural retina, spinal cord, submandibular gland primordium, testis, thymus primordium, thyroid, trigeminal V, vagus X, vestibulocochlear VIII, vibrissa	
FLRT3	FLRT3	8.9355E-01	0.003787243	Adhesion molecule	BrainSpLMD|23767;Eurexp|euxassay_006295|axial skeleton, bladder, eyelid, incisor, lip, mandible, mantle layer, marginal layer, maxilla, mesenchyme, metanephros, molar, pharyngo-tympanic tube, physiological umbilical hernia, pituitary, submandibular gland primordium, ventricular layer, vibrissa	OMIM|604808;HPO|23767|Abnormality of the voice, Anosmia, Anterior hypopituitarism, Autosomal dominant inheritance, Autosomal recessive inheritance, Breast hypoplasia, Cryptorchidism, Decreased fertility, Decreased testicular size, Delayed puberty, Erectile abnormalities, Gynecomastia, Hypogonadotrophic hypogonadism, Hyposmia, Hypothalamic gonadotropin-releasing hormone deficiency, Micropenis, Primary amenorrhea, Reduced bone mineral density, Sparse axillary hair, Sparse pubic hair
CSNK1E	CSNK1E	3.7262E-01	0.003951049	Serine/threonine kinase	BrainSpLMD|1454;Eurexp|euxassay_018818|brain, cervical, cervico-thoracic, facial VII, glossopharyngeal IX, neural retina, olfactory, spinal cord, stroma, thoracic, trigeminal V, vagus X, vestibulocochlear VIII, vibrissa;BrainSpMouseDev|27118	OMIM|600863
MYEF2	MYEF2	4.8630E-01	0.004038741	Transcription regulatory protein	BrainSpLMD|50804;Eurexp|euxassay_001436|liver, otic capsule, vertebral axis muscle system	
APPL2	APPL2	2.7972E-01	0.004162124	Unclassified	BrainSpLMD|55198;Eurexp|euxassay_000187|corpus striatum, dental papilla, epithelium, footplate, handplate, medulla, mesenchyme, parenchyma, stomach, thalamus, ventricular layer	OMIM|606231
CNTNAP2	CNTNAP2	5.6297E-01	0.004216019	Adhesion molecule	BrainSpLMD|26047;Eurexp|euxassay_011473|facial VII, forebrain, glossopharyngeal IX, hindbrain, midbrain, neural retina, spinal cord, trigeminal V	SFARI||Autism, 2 - Strong candidate;OMIM|604569;COSMIC||glioma, melanoma;HPO|26047|Cortical dysplasia, Delayed gross motor development, Hyperactivity, Impaired social interactions, Intellectual disability, Progressive language deterioration, Reduced tendon reflexes, Seizures
MAPRE1	MAPRE1	6.2739E-01	0.00446285	Cell cycle control protein	BrainSpLMD|22919	OMIM|603108
ZNF74	ZNF74	1.5025E+00	0.004505395	RNA binding protein	BrainSpLMD|7625	OMIM|194548
SPATS2	SPATS2	6.8062E-01	0.0045426	Unclassified	BrainSpLMD|65244	OMIM|611667
RPL8	RPL8	3.2298E-01	0.004698314	Ribosomal subunit	BrainSpLMD|6132;Eurexp|euxassay_006230|left, right	OMIM|604177
MIDN	MIDN	2.6940E-01	0.004741641	Unclassified		OMIM|606700
ASIC1	ASIC1	7.1669E-01	0.005515231	Ion channel	BrainSpLMD|41;BrainSpMouseDev|11208	OMIM|602866
NFIX	NFIX	8.7704E-01	0.005539415	Transcription factor	BrainSpLMD|4784;BrainSpMouseDev|17799	SFARI||Autism, No category;OMIM|164005;HPO|4784|Accelerated skeletal maturation, Advanced eruption of teeth, Agenesis of corpus callosum, Anteverted nares, Anxiety, Astigmatism, Atlantoaxial dislocation, Atrial septal defect, Autosomal dominant inheritance, Blue sclerae, Bullet-shaped middle phalanges of the hand, Cerebral atrophy, Choanal atresia, Choanal stenosis, Coxa valga, Cutis marmorata, Death in childhood, Decreased body weight, Delayed speech and language development, Depressed nasal bridge, Distal widening of metacarpals, Downslanted palpebral fissures, Eclabion, Everted lower lip vermilion, Failure to thrive, Frontal bossing, Generalized hypotonia, Gingival overgrowth, Glossoptosis, Hearing impairment, High forehead, Hypermetropia, Hypoplasia of the odontoid process, Intellectual disability, Irregular dentition, Large sternal ossification centers, Laryngomalacia, Long face, Long fingers, Low-set ears, Macrocephaly, Macrogyria, Malar flattening, Mandibular prognathia, Midface retrusion, Motor delay, Narrow face, Narrow mouth, Nystagmus, Obstructive sleep apnea, Omphalocele, Overfolded helix, Overgrowth, Patent ductus arteriosus, Pectus excavatum, Prominence of the premaxilla, Prominent forehead, Pulmonary arterial hypertension, Recurrent aspiration pneumonia, Retrognathia, Scoliosis, Shallow orbits, Short distal phalanx of finger, Short mandibular rami, Short nose, Short philtrum, Short sternum, Slender long bone, Sporadic, Strabismus, Synophrys, Tall stature, Thick eyebrow, Umbilical hernia, Ventriculomegaly
DANCR	DANCR	8.0145E-01	0.005555148			OMIM|614625
FBLN1	FBLN1	1.1123E+00	0.005687879	Extracellular matrix protein	BrainSpLMD|2192;Eurexp|euxassay_011935|bladder, meninges, mesenchyme, midgut, nasal cavity, stomach, valve	OMIM|135820;HPO|2192|Autosomal dominant inheritance, Carpal synostosis, Metacarpal synostosis, Metatarsal synostosis, Polydactyly, Tarsal synostosis, Toe syndactyly
RP11.396K3.1	RP11.396K3.1	5.1444E-01	0.005749218			
NOL4L	NOL4L	5.0862E-01	0.005755613	Unclassified	BrainSpLMD|140688;Eurexp|euxassay_006045|ear, olfactory	
AMER2	AMER2	3.0439E-01	0.005774707	Unclassified	BrainSpLMD|219287;Eurexp|euxassay_006362|brain, cervical, cervico-thoracic, dorsal root ganglion, facial VII, glossopharyngeal IX, olfactory, spinal cord, thoracic, trigeminal V, vagus X, vestibulocochlear VIII	OMIM|614659
PPP2R2B	PPP2R2B	4.2415E-01	0.005790303	Regulatory/other subunit;Serine/threonine phosphatase	BrainSpLMD|5521;Eurexp|euxassay_007301|Meckel's cartilage, brain, eyelid, facial VII, glossopharyngeal IX, inner ear, left lung, neural retina, orbito-sphenoid, right lung, skeletal muscle, spinal cord, tongue, trigeminal V, turbinate, vagus X, vestibulocochlear VIII	OMIM|604325;HPO|5521|Abnormality of eye movement, Action tremor, Anxiety, Autosomal dominant inheritance, Axial dystonia, Cerebellar atrophy, Cerebral cortical atrophy, Delusions, Dementia, Depressivity, Dysarthria, Dysdiadochokinesis, Dysmetria, Facial myokymia, Head tremor, Hyperreflexia, Parkinsonism, Progressive cerebellar ataxia, Sensorimotor neuropathy
STAG3	STAG3	8.5697E-01	0.005879746	Unclassified	BrainSpLMD|10734	OMIM|608489;HPO|10734|Autosomal recessive inheritance, Increased circulating gonadotropin level, Premature ovarian insufficiency, Primary amenorrhea
DLG3	DLG3	1.1320E+00	0.005936845	Cell junction protein	BrainSpLMD|1741	OMIM|300189;HPO|1741|Behavioral abnormality, Delayed speech and language development, Enuresis, Generalized hypotonia, Global developmental delay, Intellectual disability, Strabismus, X-linked inheritance, X-linked recessive inheritance
SYNRG	SYNRG	1.1504E+00	0.005938724	Transport/cargo protein	BrainSpLMD|11276	OMIM|607291
C6orf203	C6orf203	1.5119E+00	0.005964192	Unclassified	BrainSpLMD|51250	
UBXN4	UBXN4	3.3575E-01	0.006128305	Unclassified	BrainSpLMD|23190;Eurexp|euxassay_008244|embryo	OMIM|611216
MAGED1	MAGED1	3.8904E-01	0.006249866	Cell cycle control protein	BrainSpLMD|9500;Eurexp|euxassay_012384|alimentary system, cardiovascular system, cavities and their linings, gland, integumental system, limb, mesenchyme, nervous system, renal/urinary system, reproductive system, respiratory system, sensory organ, tail, vertebral axis muscle system;BrainSpMouseDev|60907	SFARI||Autism, 5 - Hypothesized but untested;OMIM|300224
AC083884.8	AC083884.8	1.1645E+00	0.006302474			
AASS	AASS	5.0915E-01	0.006413762	Enzyme: Oxidoreductase;Enzyme: Synthase	BrainSpLMD|10157	OMIM|605113;HPO|10157|Abnormality of the genitourinary system, Anemia, Autosomal recessive inheritance, Cognitive impairment, Delayed speech and language development, EEG abnormality, Ectopia lentis, Histidinuria, Hyperactivity, Hyperlysinemia, Hyperlysinuria, Infantile onset, Intellectual disability, Intellectual disability, mild, Muscular hypotonia, Phenotypic variability, Seizures, Short attention span, Short stature, Spastic diplegia
NUDT4	NUDT4	1.1556E+00	0.006445114	Unclassified	BrainSpLMD|11163	OMIM|609229
SHISA5	SHISA5	9.2381E-01	0.006575764	Integral membrane protein	BrainSpLMD|51246	OMIM|607290
EMX2	EMX2	1.1445E+00	0.006696484	Transcription factor	BrainSpLMD|2018;Eurexp|euxassay_019479|eyelid, lip, mantle layer, metanephros, olfactory, paramesonephric duct, phalanx, saccule, ventricular layer, vibrissa, vomeronasal organ;BrainSpMouseDev|13575	OMIM|600035;HPO|2018|Schizencephaly
SMIM8	SMIM8	2.6674E-01	0.006975005	Unclassified	BrainSpLMD|57150	
H2AFY2	H2AFY2	8.1444E-01	0.006976303	DNA binding protein	BrainSpLMD|55506	OMIM|616141
RPAIN	RPAIN	5.4101E-01	0.007172134	Transport/cargo protein	BrainSpLMD|84268	OMIM|617299
MAP6	MAP6	5.9646E-01	0.007293856	Cytoskeletal associated protein	BrainSpLMD|4135;Eurexp|euxassay_000634|cochlear component, dorsal root ganglion, facial VII, inferior, neural retina, olfactory, superior, trigeminal V, vestibular component	OMIM|601783
LCOR	LCOR	7.2551E-01	0.00732	Transcription regulatory protein	BrainSpLMD|84458;Eurexp|euxassay_014562|brain, cervical, cervico-thoracic, dorsal root ganglion, facial VII, glossopharyngeal IX, neural retina, olfactory, spinal cord, thoracic, trigeminal V, vagus X, vestibulocochlear VIII;BrainSpMouseDev|84411	OMIM|607698
SORBS1	SORBS1	5.7057E-01	0.007366617	Cell junction protein	BrainSpLMD|10580;Eurexp|euxassay_003610|axial skeleton, basisphenoid bone, bladder, brain, dorsal root ganglion, facial VII, forelimb, glossopharyngeal IX, heart, hindlimb, incisor, lens, liver, lung, metanephros, midgut, nasal septum, oesophagus, olfactory, orbito-sphenoid, otic capsule, respiratory, retina, rib, spinal cord, sternum, stomach, tongue, trachea, trigeminal V, vagus X, vertebra, vertebral cartilage condensation, vestibulocochlear VIII;BrainSpMouseDev|20174	OMIM|605264
GTF2IP1	GTF2IP1	4.3464E-01	0.007400923			
MACF1	MACF1	3.1552E-01	0.007433459	Cytoskeletal associated protein	BrainSpLMD|23499;Eurexp|euxassay_011134|brain, diaphragm, extraembryonic component, facial VII, footplate, glossopharyngeal IX, handplate, left lung, metanephros, oesophagus, paraxial mesenchyme, rest of mesenchyme, right lung, skeletal muscle, spinal cord, trigeminal V, vagus X, vertebral axis muscle system, vibrissa	OMIM|608271
AGAP4	AGAP4	8.3131E-01	0.007484868	GTPase activating protein		
HNRNPA1P35	HNRNPA1P35	2.7064E-01	0.007565537			
EIF4E2	EIF4E2	8.1500E-01	0.007648847	Translation regulatory protein	BrainSpLMD|9470	OMIM|605895
RP11.658F2.8	RP11.658F2.8	7.8469E-01	0.007935849			
AP001172.2	AP001172.2	1.0080E+00	0.007948885			
C16orf87	C16orf87	3.6401E-01	0.008045659	Unclassified	BrainSpLMD|388272;Eurexp|euxassay_000571|Meckel's cartilage, axial skeleton, head mesenchyme, incisor, lung, oesophagus, otic capsule, turbinate bones, urethra, vertebral axis muscle system	
EPHB2	EPHB2	1.0562E+00	0.008592629	Receptor tyrosine kinase	BrainSpLMD|2048;Eurexp|euxassay_018956|mandible, marginal layer, mesenchyme, rib, ventricular layer;BrainSpMouseDev|13622	SFARI||Autism, No category;OMIM|600997
DYNC1LI2	DYNC1LI2	2.9063E-01	0.008668393	Unclassified	BrainSpLMD|1783	OMIM|611406
FBXL20	FBXL20	3.8998E-01	0.008857118	Ubiquitin proteasome system protein	BrainSpLMD|84961	OMIM|609086
MARCKS	MARCKS	2.6805E-01	0.009076471	Cytoskeletal protein	BrainSpLMD|4082	OMIM|177061
ADAR	ADAR	4.7022E-01	0.009371766	Enzyme: Deaminase	BrainSpLMD|103;Eurexp|euxassay_018648|dorsal root ganglion, facial VII, glossopharyngeal IX, trigeminal V, vagus X, vestibulocochlear VIII	OMIM|146920;HPO|103|Arrhinencephaly, Autosomal dominant inheritance, Autosomal recessive inheritance, Cleft eyelid, Dystonia, Global developmental delay, Hemiplegia/hemiparesis, Hyperpigmented/hypopigmented macules, Infantile onset, Intellectual disability, profound, Loss of ability to walk, Loss of speech, Macular hyperpigmentation, Macular hypopigmentation, Macule, Porencephalic cyst, Rigidity, Spasticity, Torsion dystonia, Tremor
PTPN4	PTPN4	2.5824E-01	0.00948028	Tyrosine phosphatase	BrainSpLMD|5775;Eurexp|euxassay_009725|mantle layer, marginal layer, ventricular layer	OMIM|176878
VASH1	VASH1	9.2742E-01	0.009506952	Growth inhibitory factor	BrainSpLMD|22846;Eurexp|euxassay_009040|dorsal root ganglion, glossopharyngeal IX, marginal layer, trigeminal V, vagus X	SFARI||Autism, 4 - Minimal evidence;OMIM|609011
GDAP1	GDAP1	4.5388E-01	0.009512136	Unclassified	BrainSpLMD|54332	OMIM|606598;HPO|54332|Areflexia, Autosomal dominant inheritance, Autosomal recessive inheritance, Axonal degeneration/regeneration, Axonal regeneration, Basal lamina 'onion bulb' formation, CNS hypomyelination, Childhood onset, Decreased motor nerve conduction velocity, Decreased number of large peripheral myelinated nerve fibers, Decreased number of peripheral myelinated nerve fibers, Distal amyotrophy, Distal muscle weakness, Distal sensory impairment, EMG: neuropathic changes, Flexion contracture, Foot dorsiflexor weakness, Hammertoe, Heterogeneous, Hypertrophic nerve changes, Hyporeflexia, Inability to walk by childhood/adolescence, Infantile onset, Kyphoscoliosis, Limb muscle weakness, Motor delay, Neonatal onset, Onion bulb formation, Peripheral axonal degeneration, Peripheral demyelination, Peripheral hypomyelination, Peripheral neuropathy, Pes cavus, Proximal muscle weakness, Rapidly progressive, Scoliosis, Spinal deformities, Split hand, Steppage gait, Talipes equinovarus, Ulnar claw, Vocal cord paresis
HEG1	HEG1	4.1390E-01	0.00966782	Calcium binding protein	BrainSpLMD|57493;Eurexp|euxassay_005510|ventricular layer	OMIM|614182
PAG1	PAG1	5.6622E-01	0.009777135	Adapter molecule	BrainSpLMD|55824	OMIM|605767
PGRMC2	PGRMC2	7.2257E-01	0.009859198	Integral membrane protein	BrainSpLMD|10424;Eurexp|euxassay_007705|facial VII, mantle layer, pharyngo-tympanic tube, submandibular gland primordium, trigeminal V, vagus X;BrainSpMouseDev|46645	OMIM|607735
PHC2	PHC2	6.1155E-01	0.009929505	Ubiquitin proteasome system protein	BrainSpLMD|1912	OMIM|602979
SCYL2	SCYL2	6.6234E-01	0.009990394	Serine/threonine kinase	BrainSpLMD|55681	OMIM|616365
ATP6V0A1	ATP6V0A1	6.3837E-01	0.009990788	Ion channel	BrainSpLMD|535	OMIM|192130
